Label,Vendor,Usage,Recycle,MAINPD_ID,EQP1,Recipe1,CAST_ID,MAINPD_ID_1,MAINPD_ID_2
B,FK,0,1,CEPA07SAC1,KP11,DI4,F140,CEBIH1PA02,CEBIHPA002
G,FK,2,1,CEPA07SAC1,KP13,DI4,F400,CEPACONT01,CE003PAMON
G,FK,1,1,CEPA003H40,KP22,DI3,F451,CEPACONT01,CE003PAMON
G,FK,0,1,CEPA003H40,KP22,DI3,F102,CEPA07SPA1,CEBIH1PA02
G,FK,1,1,CEPA003H40,KP22,DI3,F102,CEPACONT01,CEPA00307M
G,FK,1,2,CE045TMPA0,KP13,DI1,F311,CEPA003H40,CEPACONT01
B,SL,1,1,CE003PAMON,KP13,DI4,F112,CEPACONT01,CEPA00307M
G,FK,1,2,CE003PAMON,KP13,DI4,F112,CEPA003H40,CEPACONT01
G,FK,1,1,CE003PAMON,KP13,DI4,F112,CEPACONT01,CEPA003003
G,SL,1,1,CE003PAMON,KP13,DI4,F112,CEPACONT01,CEPA00301M
G,FK,0,0,CE003PAMON,KP13,DI4,F323,CEPACONT01,CRSTR0000P
G,FK,0,0,CE003PAMON,KP13,DI4,F116,CEPACONT01,CRSTR0000P
G,FK,0,0,CE003PAMON,KP13,DI4,F306,CEPACONT01,CRSTR0000P
G,FK,1,0,CE003PAMON,KP13,DI4,F107,CEPACONT01,CEPA003003
G,FK,1,0,CE003PAMON,KP13,DI4,F18,CEPACONT01,CEPA003003
G,FK,2,0,CEPA07SPA1,KP13,DI4,F413,CEPACONT01,CEPA003003
G,FK,1,1,CEBAKPA003,KP12,DI3,F413,CEPACONT01,CEPA00301M
G,SL,0,1,CEPA07SAC2,KP13,DI4,F45,CEBIH1PA02,CEBIHPA002
G,SL,0,1,CEPA07SAC2,KP13,DI4,F45,CEBIH1PA02,CEBIHPA002
G,FK,0,1,CEPA07SAC1,KP13,DI4,F45,CEBIH1PA02,CEBIHPA002
G,FK,0,1,CEPA07SAC1,KP13,DI4,F45,CEBIH1PA02,CEBIHPA002
G,FK,2,1,CEPA003003,KP13,DI4,F375,CEPACONT01,CEPA003005
G,FK,0,1,CEPA07SAC2,KP13,DI4,F413,CEPACONT01,CRSTR0000P
G,FK,1,1,CEPA003003,KP20,DI4,F229,CEPACONT01,CEPACONT01
G,FK,0,1,CEPA003H40,KP24,DI3,F110,CEPACONT01,CRSTR0000P
G,FK,0,1,CEPA003H40,KP02,DI3,F167,CEBIH1PA02,CEBIHPA002
G,FK,0,1,CEPA003H40,KP02,DI3,F167,CEBIH1PA02,CEBIHPA002
G,FK,0,1,CE045TMPA0,KP13,DI1,F376,CEBIH1PA02,CEBIHPA002
G,FK,0,1,CE003PAMON,KP11,DI4,F334,CEBIH1PA02,CEBIHPA002
G,SL,0,1,CE003PAMON,KP11,DI4,F334,CEBIH1PA02,CEBIHPA002
G,SL,0,1,CE003PAMON,KP11,DI4,F334,CEBIH1PA02,CEBIHPA002
G,FK,0,1,CE003PAMON,KP11,DI4,F334,CEBIH1PA02,CEBIHPA002
G,FK,0,1,CEPA00307M,KP20,DI4,F55,CEBIH1PA02,CEBIHPA002
B,FK,0,1,CEPA00308M,KP13,DI4,F80,CEBIH1PA02,CEBIHPA002
G,SL,0,1,CEPA00307M,KP13,DI4,F67,CEBIH1PA02,CEBIHPA002
G,FK,0,1,CEPA00308M,KP12,DI4,F272,CEBIH1PA02,CEBIHPA002
G,FK,0,1,CEPA003H10,KP02,DI3,F39,CEPACONT01,CRSTR0000P
G,FK,0,1,CEPA003H10,KP02,DI3,F39,CEPACONT01,CRSTR0000P
G,FK,0,1,CEBAKPA005,KP13,DI1,F39,CEPACONT01,CRSTR0000P
G,FK,0,1,CE003PAMON,KP13,DI4,F356,CEPACONT01,CRSTR0000P
G,SL,0,2,CEPA003003,KP13,DI4,F406,CEPA07CMD1,CEBIH1PA02
G,FK,2,1,CE003PAMON,KP11,DI4,F307,CEPACONT01,CEBAKPA003
G,SL,0,1,CE003PAMON,KP13,DI4,F290,CEBIH1PA02,CEBIHPA002
G,FK,0,1,CE003PAMON,KP11,DI4,F435,CEBIH1PA02,CEBIHPA002
G,FK,0,1,CE003PAMON,KP11,DI4,F119,CEBIH1PA02,CEBIHPA002
G,FK,0,1,CE003PAMON,KP11,DI4,F255,CEBIH1PA02,CEBIHPA002
G,SL,0,1,CE003PAMON,KP13,DI4,F169,CEBIH1PA02,CEBIHPA002
G,FK,2,1,CEPA003003,KP13,DI4,F330,CEPACONT01,CEPA00308M
G,FK,0,1,CEBAKPA003,KP13,DI3,F267,CEBIH1PA02,CEBIHPA002
G,FK,0,1,CEBAKPA003,KP11,DI3,F238,CEBIH1PA02,CEBIHPA002
G,SL,1,1,CEPA07SPA1,KP13,DI4,F350,CEPACONT01,CEPA07SAC2
G,SL,0,1,CEBAKPA003,KP11,DI3,F238,CEBIH1PA02,CEBIHPA002
G,FK,1,1,CEPA07SPA1,KP13,DI4,F350,CEPACONT01,CEPA07SAC1
G,FK,1,1,CEBAKPA005,KP13,DI1,F267,CEPACONT01,CEPA07SAC1
G,SL,0,1,CEPA00307M,KP13,DI4,F238,CEBIH1PA02,CEBIHPA002
G,FK,1,1,CEPA00308M,KP13,DI4,F315,CEPACONT01,CE003PAMON
G,FK,1,1,CEPA00307M,KP13,DI4,F233,CEPACONT01,CEPA003V2M
G,SL,1,1,CEPA00301M,KP13,DI3,F120,CEPACONT01,CEPA003V2M
G,SL,1,1,CEPA07CMD1,KP11,DI4,F347,CEPACONT01,CEPA003003
G,FK,0,1,CEBAKPA005,KP13,DI1,F201,CEBIH1PA02,CEBIHPA002
G,FK,1,1,CE045TMPA0,KP06,DI1,F248,CEPACONT01,CE003PAMON
G,FK,1,1,CE003PAMON,KP11,DI4,F169,CEPACONT01,CE003PAMON
G,FK,1,1,CE003PAMON,KP11,DI4,F169,CEPACONT01,CEBAKPA003
G,SL,0,1,CEPA003H10,KP18,DI3,F53,CEBIH1PA02,CEBIHPA002
G,FK,0,1,CEPA003H10,KP18,DI3,F53,CEBIH1PA02,CEBIHPA002
G,FK,0,1,CEPA003H10,KP18,DI3,F53,CEBIH1PA02,CEBIHPA002
G,FK,1,1,CEPA07CMD1,KP11,DI4,F19,CEPACONT01,CEPA07SAC2
G,SL,2,1,CEPA07CMD1,KP11,DI4,F19,CEPACONT01,CEPA07SPA1
B,FK,1,1,CEPA07CMD1,KP11,DI4,F19,CEPACONT01,CEBAKPA003
B,SL,2,1,CEPA07CMD1,KP11,DI4,F19,CEPACONT01,CEPA07SPA1
G,FK,4,1,CEBAKPA005,KP13,DI1,F69,CEPACONT01,CEPA07SAC1
G,FK,0,1,CEPA07SPA1,KP13,DI4,F149,CEBIH1PA02,CEBIHPA002
G,SL,0,1,CEPA07SPA1,KP13,DI4,F149,CEBIH1PA02,CEBIHPA002
G,FK,0,1,CEBAKPA005,KP11,DI1,F53,CEBIH1PA02,CEBIHPA002
B,FK,0,1,CEPA07SPA1,KP13,DI4,F173,CEBIH1PA02,CEBIHPA002
G,SL,0,0,CEPA07SPA1,KP13,DI4,F173,CEBIH1PA02,CEBIHPA002
G,FK,0,1,CEPA07CMD1,KP20,DI4,F38,CEBIH1PA02,CEBIHPA002
G,FK,0,1,CEPA07CMD1,KP20,DI4,F38,CEBIH1PA02,CEBIHPA002
G,FK,0,1,CEPA07SPA1,KP13,DI4,F25,CEPA07SPA1,CEPACONT01
G,FK,0,1,CEPA07MP01,KP12,DI4,F322,CEBIH1PA02,CEBIHPA002
G,SL,0,1,CEPA07MP01,KP12,DI4,F322,CEBIH1PA02,CEBIHPA002
G,FK,0,1,CEBAKPA005,KP06,DI1,F29,CEBIH1PA02,CEBIHPA002
G,FK,2,1,CEPA07SPA1,KP13,DI4,F294,CEPACONT01,CEPA00308M
G,FK,1,1,CEPA07SPA1,KP13,DI4,F294,CEPACONT01,CEPA00301M
G,FK,1,1,CEPA07CMD1,KP20,DI4,F48,CEPA003003,CEPACONT01
G,FK,0,2,CEPA07CMD1,KP20,DI4,F403,CEBAKPA003,CEBIH1PA02
G,FK,0,2,CE003PAMON,KP13,DI4,F403,CEBAKPA003,CEBIH1PA02
G,FK,0,1,CEPA07SPA1,KP13,DI4,F403,CEBIH1PA02,CEBIHPA002
G,FK,1,1,CEPA07MP01,KP12,DI4,F193,CEPACONT01,CEPA00301M
G,FK,1,1,CEPA07MP01,KP12,DI4,F193,CEPACONT01,CEPA00301M
G,FK,1,1,CEPA07MP01,KP12,DI4,F193,CEPACONT01,CEPA003003
G,FK,1,1,CEPA07MP01,KP12,DI4,F193,CEPACONT01,CEPA00301M
G,FK,0,1,CEBAKPA005,KP11,DI1,F277,CEBIH1PA02,CEBIHPA002
B,FK,0,1,CEPA003H10,KP18,DI3,F403,CEBIH1PA02,CEBIHPA002
B,FK,1,1,CEPA07SAC2,KP11,DI4,F403,CEPACONT01,CEPA07MP01
B,FK,1,1,CEPA07SAC2,KP11,DI4,F403,CEPACONT01,CEBAKPA003
B,FK,2,1,CEPA07SAC1,KP11,DI4,F403,CEPACONT01,CEBAKPA003
B,SL,1,1,CEPA07SAC1,KP11,DI4,F403,CEPACONT01,CEPA07MP01
G,FK,1,1,CEPA00301M,KP24,DI3,F145,CEPACONT01,CEPA07CMD1
B,SL,0,1,CEPA07SAC2,KP11,DI4,F322,CEBIH1PA02,CEBIHPA002
B,FK,0,1,CEPA07SAC2,KP11,DI4,F322,CEBIH1PA02,CEBIHPA002
G,FK,0,1,CEPA07SAC1,KP11,DI4,F322,CEBIH1PA02,CEBIHPA002
B,FK,0,1,CEPA07SAC1,KP11,DI4,F322,CEBIH1PA02,CEBIHPA002
G,SL,0,1,CEPA003H10,KP18,DI3,F322,CEBIH1PA02,CEBIHPA002
B,SL,0,1,CEPA07SAC1,KP11,DI4,F322,CEBIH1PA02,CEBIHPA002
G,FK,0,1,CEPA07SAC2,KP11,DI4,F322,CEBIH1PA02,CEBIHPA002
G,SL,0,1,CEPA07SAC2,KP11,DI4,F322,CEBIH1PA02,CEBIHPA002
G,FK,0,1,CEBAKPA005,KP12,DI1,F234,CEBIH1PA02,CEBIHPA002
B,SL,1,1,CE003PAMON,KP13,DI4,F156,CEPACONT01,CEPA05V01M
B,FK,0,2,CEPA07SAC1,KP11,DI4,F38,CEBAKPA003,CEBIH1PA02
G,FK,0,1,CE045TMPA0,KP13,DI1,F206,CEBIH1PA02,CEBIHPA002
B,FK,0,1,CE003PAMON,KP11,DI4,F178,CEBIH1PA02,CEBIHPA002
B,FK,0,1,CE003PAMON,KP11,DI4,F178,CEBIH1PA02,CEBIHPA002
B,FK,0,1,CE003PAMON,KP11,DI4,F178,CEBIH1PA02,CEBIHPA002
G,FK,0,1,CE003PAMON,KP11,DI4,F178,CEBIH1PA02,CEBIHPA002
B,SL,0,2,CE003PAMON,KP11,DI4,F467,CEBAKPA003,CEBIH1PA02
B,FK,0,1,CE003PAMON,KP12,DI4,F269,CEBIH1PA02,CEBIHPA002
B,FK,0,1,CE003PAMON,KP12,DI4,F269,CEBIH1PA02,CEBIHPA002
G,FK,0,1,CE003PAMON,KP12,DI4,F269,CEBIH1PA02,CEBIHPA002
G,FK,1,1,CEPA07SAC1,KP13,DI4,F280,CEPA00307M,CEPACONT01
G,FK,1,0,CE003PAMON,KP11,DI4,F65,CEPA00307M,CEPACONT01
G,SL,1,1,CE003PAMON,KP12,DI4,F374,CEPACONT01,CEPA00301M
G,FK,1,1,CEPA003H10,KP07,DI3,F120,CEPACONT01,CEPA003003
G,FK,2,1,CEPA003H10,KP07,DI3,F120,CEPACONT01,CEPA00307M
G,FK,2,1,CEPA00307M,KP20,DI4,F467,CEPACONT01,CEPA003003
B,FK,2,1,CEPA00308M,KP13,DI4,F29,CEPACONT01,CEPA05V01M
G,SL,0,1,CEPA00308M,KP13,DI4,F269,CEBIH1PA02,CEBIHPA002
G,FK,0,1,CE003PAMON,KP13,DI4,F120,CEBIH1PA02,CEBIHPA002
B,FK,0,1,CE003PAMON,KP02,DI4,F48,CEBIH1PA02,CEBIHPA002
G,FK,0,1,CE003PAMON,KP02,DI4,F430,CEBIH1PA02,CEBIHPA002
G,FK,0,1,CE003PAMON,KP13,DI4,F379,CEBIH1PA02,CEBIHPA002
G,FK,0,1,CE003PAMON,KP13,DI4,F361,CEBIH1PA02,CEBIHPA002
B,FK,0,1,CE003PAMON,KP13,DI4,F193,CEBIH1PA02,CEBIHPA002
G,SL,0,1,CE003PAMON,KP08,DI4,F362,CEBIH1PA02,CEBIHPA002
G,FK,0,1,CE003PAMON,KP13,DI4,F277,CEBIH1PA02,CEBIHPA002
G,FK,0,1,CE003PAMON,KP13,DI4,F392,CEBIH1PA02,CEBIHPA002
G,FK,0,1,CE003PAMON,KP13,DI4,F338,CEBIH1PA02,CEBIHPA002
B,FK,0,1,CE003PAMON,KP13,DI4,F398,CEBIH1PA02,CEBIHPA002
G,SL,0,1,CE003PAMON,KP13,DI4,F389,CEBIH1PA02,CEBIHPA002
G,SL,0,1,CE003PAMON,KP02,DI4,F373,CEBIH1PA02,CEBIHPA002
G,FK,0,1,CE003PAMON,KP13,DI4,F86,CEBIH1PA02,CEBIHPA002
G,SL,0,1,CE003PAMON,KP13,DI4,F308,CEBIH1PA02,CEBIHPA002
G,FK,0,1,CE003PAMON,KP13,DI4,F71,CEBIH1PA02,CEBIHPA002
G,FK,0,1,CE003PAMON,KP13,DI4,F458,CEBIH1PA02,CEBIHPA002
G,SL,0,1,CE003PAMON,KP13,DI4,F394,CEBIH1PA02,CEBIHPA002
G,FK,0,1,CE003PAMON,KP08,DI4,F309,CEBIH1PA02,CEBIHPA002
G,SL,0,1,CE003PAMON,KP07,DI4,F369,CEBIH1PA02,CEBIHPA002
G,FK,3,1,CEPA00307M,KP20,DI4,F368,CEPACONT01,CE003PAMON
G,FK,0,1,CE003PAMON,KP07,DI4,F205,CEBIH1PA02,CEBIHPA002
G,FK,0,1,CE003PAMON,KP07,DI4,F419,CEBIH1PA02,CEBIHPA002
G,FK,0,1,CE003PAMON,KP08,DI4,F152,CEBIH1PA02,CEBIHPA002
B,FK,2,1,CE003PAMON,KP13,DI4,F240,CEPACONT01,CEBAKPA005
G,FK,2,1,CE003PAMON,KP13,DI4,F240,CEPACONT01,CEBAKPA005
G,FK,1,2,CE003PAMON,KP13,DI4,F196,CEPA07SPA1,CEBAKPA003
B,FK,1,1,CEPA003003,KP20,DI4,F157,CEPACONT01,CE003PAMON
B,FK,1,1,CEPA003003,KP13,DI4,F265,CEPACONT01,CEPA07MP01
G,FK,2,1,CEPA003003,KP13,DI4,F103,CEPACONT01,CEBAKPA003
B,FK,0,1,CEPA00301M,KP18,DI3,F142,CEBIH1PA02,CEBIHPA002
G,WF,1,1,CEPA07SPA1,KP19,DI4,F322,CEPACONT01,CE003PAMON
G,FK,0,1,CEPA07SPA1,KP19,DI4,F322,CEBIH1PA02,CEBIHPA002
G,FK,1,1,CEBAKPA005,KP12,DI1,F264,CEPACONT01,CEBAKPA005
G,SL,1,1,CEBAKPA003,KP12,DI3,F156,CEPACONT01,CEPA003003
G,SL,1,1,CEPA003003,KP20,DI4,F79,CEPACONT01,CEPA00307M
G,FK,3,1,CEPA00301M,KP02,DI3,F374,CEPACONT01,CE003PAMON
B,SL,2,1,CE003PAMON,KP13,DI4,F374,CEPACONT01,CEPA003003
G,SL,0,1,CE003PAMON,KP13,DI4,F374,CEBIH1PA02,CEBIHPA002
G,FK,2,1,CEPA00301M,KP21,DI3,F36,CEPACONT01,CEPA00301M
G,SL,1,1,CEPA003003,KP13,DI4,F29,CEPACONT01,CEPA00301M
G,FK,0,1,CEPA00301M,KP24,DI3,F388,CEBIH1PA02,CEBIHPA002
G,FK,0,1,CEBAKPA005,KP13,DI1,F388,CEBIH1PA02,CEBIHPA002
G,FK,0,1,CE003PAMON,KP13,DI4,F187,CEBIH1PA02,CEBIHPA002
G,FK,1,1,CEPA07MP01,KP12,DI4,F232,CEPA00307M,CEPACONT01
B,SE,3,1,CEPA07MP01,KP12,DI4,F142,CEPA07MP01,CEPACONT01
B,FK,1,1,CEPA07MP01,KP12,DI4,F213,CEPA07MP01,CEPACONT01
G,FK,0,1,CEPA07MP01,KP12,DI4,F207,CEPA07MP01,CEBIH1PA02
G,FK,0,1,CE003PAMON,KP11,DI4,F210,CEBIH1PA02,CEBIHPA002
B,FK,0,1,CE003PAMON,KP13,DI4,F238,CEBIH1PA02,CEBIHPA002
G,SL,0,0,CEPA07SPA1,KP13,DI4,F427,CEBIH1PA02,CEBIHPA002
B,FK,0,1,CE003PAMON,KP12,DI4,F156,CEBIH1PA02,CEBIHPA002
G,SL,0,1,CEPA00301M,KP21,DI3,F79,CEBIH1PA02,CEBIHPA002
G,FK,0,1,CE003PAMON,KP12,DI4,F374,CEBIH1PA02,CEBIHPA002
B,SL,1,1,CE003PAMON,KP12,DI4,F79,CEPACONT01,CE003PAMON
G,FK,0,1,CE045TMPA0,KP13,DI1,F203,CEBIH1PA02,CEBIHPA002
G,SL,0,1,CE003PAMON,KP13,DI4,F125,CEBIH1PA02,CEBIHPA002
G,SL,2,1,CE003PAMON,KP13,DI4,F464,CEPACONT01,CE003PAMON
G,FK,0,1,CEPA00307M,KP13,DI4,F38,CEBIH1PA02,CEBIHPA002
G,FK,0,1,CEPA00308M,KP11,DI4,F141,CEBIH1PA02,CEBIHPA002
G,MM,0,1,CEPA07MP01,KP12,DI4,F275,CEBIH1PA02,CEBIHPA002
G,SL,0,1,CEPA07MP01,KP12,DI4,F275,CEBIH1PA02,CEBIHPA002
G,FK,1,1,CEPA07MP01,KP12,DI4,F275,CEPACONT01,CEPA00301M
G,FK,1,1,CEPA07MP01,KP12,DI4,F275,CEPACONT01,CE003PAMON
G,FK,1,1,CEBAKPA005,KP11,DI1,F74,CEPACONT01,CE003PAMON
B,FK,2,1,CEPA00307M,KP13,DI4,F139,CEPA00307M,CEPACONT01
B,FK,2,1,CEPA00308M,KP13,DI4,F368,CEPA00307M,CEPACONT01
B,FK,3,1,CEPA07SPA1,KP13,DI4,F397,CEPACONT01,CE003PAMON
G,FK,1,1,CEPA00301M,KP21,DI3,F430,CEPACONT01,CE003PAMON
B,FK,1,1,CEPA00307M,KP13,DI4,F198,CEPACONT01,CE003PAMON
G,FK,0,1,CEPA00307M,KP13,DI4,F436,CEBIH1PA02,CEBIHPA002
B,FK,0,1,CE003PAMON,KP13,DI4,F401,CEBIH1PA02,CEBIHPA002
G,SL,0,1,CE003PAMON,KP13,DI4,F401,CEBIH1PA02,CEBIHPA002
B,FK,1,1,CE003PAMON,KP13,DI4,F54,CEPA00307M,CEPACONT01
G,SL,0,1,CEPA00301M,KP19,DI3,F374,CEBIH1PA02,CEBIHPA002
G,FK,0,2,CEPA00307M,KP13,DI4,F54,CEPA07CMD1,CEBIH1PA02
G,FK,0,1,CE045TMPA0,KP13,DI1,F374,CEBIH1PA02,CEBIHPA002
G,SL,0,1,CE003PAMON,KP12,DI4,F278,CEBIH1PA02,CEBIHPA002
B,FK,0,1,CE003PAMON,KP12,DI4,F278,CEBIH1PA02,CEBIHPA002
B,FK,0,1,CEPA07MP01,KP12,DI4,F66,CEBIH1PA02,CEBIHPA002
B,SL,0,1,CEPA07MP01,KP12,DI4,F66,CEBIH1PA02,CEBIHPA002
G,SL,0,2,CE003PAMON,KP13,DI4,F54,CEPA07CMD1,CEBIH1PA02
G,FK,1,1,CEPA07MP01,KP12,DI4,F54,CEPA00307M,CEPACONT01
G,FK,3,1,CEPA07MP01,KP12,DI4,F54,CEPA00307M,CEPACONT01
G,SL,2,1,CE003PAMON,KP13,DI4,F54,CEPA00307M,CEPACONT01
B,FK,1,0,CEPA07SPA1,KP13,DI4,F459,CEPA00307M,CEPACONT01
G,FK,0,1,CEPA00307M,KP13,DI4,F399,CEBAKPA003,CEBIH1PA02
B,FK,0,1,CEBAKPA003,KP11,DI3,F54,CEPA00307M,CEBIH1PA02
G,SL,0,1,CEPA07SAC2,KP13,DI4,F104,CEBIH1PA02,CEBIHPA002
G,SL,0,1,CEPA07SAC2,KP13,DI4,F104,CEBIH1PA02,CEBIHPA002
G,FK,0,1,CEPA07SAC1,KP13,DI4,F104,CEPA00307M,CEBIH1PA02
G,FK,0,1,CEPA07SAC1,KP13,DI4,F104,CEBIH1PA02,CEBIHPA002
G,SL,0,1,CEBAKPA003,KP12,DI3,F54,CEBIH1PA02,CEBIHPA002
G,FK,0,1,CEPA07SAC2,KP12,DI4,F329,CEBIH1PA02,CEBIHPA002
G,FK,0,1,CEPA003003,KP20,DI4,F162,CEBIH1PA02,CEBIHPA002
G,SL,0,1,CEPA00301M,KP02,DI3,F245,CEBIH1PA02,CEBIHPA002
G,FK,0,1,CEPA003003,KP13,DI4,F245,CEBIH1PA02,CEBIHPA002
G,FK,1,1,CEPA00301M,KP21,DI3,F437,CEPA003003,CEPACONT01
B,FK,0,1,CE003PAMON,KP13,DI4,F369,CEBIH1PA02,CEBIHPA002
G,FK,0,0,CE003PAMON,KP13,DI4,F137,CEBIH1PA02,CEBIHPA002
B,SL,0,1,CE003PAMON,KP13,DI4,F190,CEBIH1PA02,CEBIHPA002
G,FK,0,0,CE003PAMON,KP13,DI4,F403,CEBIH1PA02,CEBIHPA002
G,SL,0,0,CE003PAMON,KP13,DI4,F401,CEBIH1PA02,CEBIHPA002
G,FK,0,0,CE003PAMON,KP13,DI4,F141,CEBIH1PA02,CEBIHPA002
G,SL,0,0,CE003PAMON,KP13,DI4,F250,CEBIH1PA02,CEBIHPA002
G,SL,0,0,CE003PAMON,KP13,DI4,F369,CEBIH1PA02,CEBIHPA002
G,SL,0,1,CE003PAMON,KP13,DI4,F151,CEBIH1PA02,CEBIHPA002
G,FK,0,1,CEPA003003,KP13,DI4,F338,CEBIH1PA02,CEBIHPA002
G,FK,0,1,CEPA003003,KP13,DI4,F135,CEBIH1PA02,CEBIHPA002
G,FK,0,0,CE003PAMON,KP13,DI4,F146,CEBIH1PA02,CEBIHPA002
G,FK,1,1,CEPA003H40,KP22,DI3,F430,CEPA003003,CEPACONT01
G,FK,0,1,CEPA003H40,KP22,DI3,F430,CEBIH1PA02,CEBIHPA002
G,FK,1,1,CEPA003H40,KP22,DI3,F398,CEPA003003,CEPACONT01
G,FK,0,1,CE045TMPA0,KP13,DI1,F84,CEBIH1PA02,CEBIHPA002
B,SL,0,1,CE003PAMON,KP11,DI4,F17,CEBIH1PA02,CEBIHPA002
G,FK,1,1,CE003PAMON,KP12,DI4,F139,CEPACONT01,CEPA00301M
G,SL,1,1,CEPA00307M,KP13,DI4,F379,CEPACONT01,CEPA07SPA1
G,FK,1,1,CEPA00308M,KP12,DI4,F237,CEPACONT01,CEBAKPA003
G,FK,2,1,CEPA07SPA1,KP13,DI4,F273,CEPACONT01,CEBAKPA003
G,FK,0,1,CEPA003H10,KP18,DI3,F364,CEPACONT01,CRSTR0000P
G,FK,0,1,CEPA003H10,KP18,DI3,F364,CEPACONT01,CRSTR0000P
G,FK,0,1,CEPA07SPA1,KP13,DI4,F241,CEPACONT01,CRSTR0000P
G,FK,0,2,CEBAKPA005,KP11,DI1,F114,CEPA00308M,CEBIH1PA02
B,FK,4,1,CEBAKPA003,KP11,DI3,F66,CEPACONT01,CEPA07SAC2
G,FK,0,2,CEPA00307M,KP13,DI4,F210,CEPA00308M,CEBIH1PA02
G,SL,2,2,CEBAKPA003,KP11,DI3,F358,CEPA00307M,CEPACONT01
G,FK,0,2,CE003PAMON,KP13,DI4,F378,CEPA00308M,CEBIH1PA02
G,FK,0,2,CE003PAMON,KP13,DI4,F82,CEPA00308M,CEBIH1PA02
G,FK,0,2,CE003PAMON,KP13,DI4,F27,CEPA00308M,CEBIH1PA02
G,SL,0,2,CE003PAMON,KP13,DI4,F457,CEPA00308M,CEBIH1PA02
G,FK,0,3,CE003PAMON,KP13,DI4,F282,CEPA00308M,CEPA00308M
G,FK,0,2,CE003PAMON,KP13,DI4,F191,CEPA00308M,CEBIH1PA02
G,SL,0,2,CE003PAMON,KP13,DI4,F319,CEPA00308M,CEBIH1PA02
G,FK,0,1,CE003PAMON,KP13,DI4,F43,CEPACONT01,CRSTR0000P
G,FK,0,1,CE003PAMON,KP13,DI4,F335,CEPACONT01,CRSTR0000P
G,FK,0,1,CE003PAMON,KP13,DI4,F344,CEPACONT01,CRSTR0000P
G,FK,0,1,CE003PAMON,KP13,DI4,F415,CEBIH1PA02,CEBIHPA002
B,FK,0,1,CE003PAMON,KP13,DI4,F415,CEBIH1PA02,CEBIHPA002
G,SL,2,1,CEBAKPA005,KP06,DI1,F377,CEPACONT01,CEPA07SPA1
G,FK,0,1,CEBAKPA005,KP12,DI2,F208,CEBIH1PA02,CEBIHPA002
G,FK,0,1,CEPA07SPA1,KP13,DI5,F187,CEPACONT01,CRSTR0000P
G,FK,0,1,CEPA07SPA1,KP13,DI5,F187,CEPACONT01,CRSTR0000P
B,FK,0,1,CEPA07MP01,KP13,DI5,F412,CEBIH1PA02,CEBIHPA002
G,FK,0,1,CEPA07SPA1,KP13,DI5,F385,CEPACONT01,CRSTR0000P
G,FK,0,1,CEPA07SPA1,KP13,DI5,F385,CEPACONT01,CRSTR0000P
G,FK,0,1,CEBAKPA005,KP13,DI2,F28,CEPACONT01,CRSTR0000P
B,FK,0,1,CEPA07MP01,KP11,DI5,F417,CEPA07SPA1,CEBIH1PA02
B,FK,0,1,CEPA07MP01,KP11,DI5,F412,CEBIH1PA02,CEBIHPA002
G,FK,0,1,CEPA07MP01,KP11,DI5,F57,CEPACONT01,CRSTR0000P
G,FK,0,1,CEPA07MP01,KP11,DI5,F57,CEPACONT01,CRSTR0000P
G,FK,0,1,CEPA07MP01,KP11,DI5,F57,CEPACONT01,CRSTR0000P
G,FK,0,1,CEPA07MP01,KP11,DI5,F57,CEPACONT01,CRSTR0000P
G,FK,0,1,CEBAKPA005,KP12,DI2,F257,CEPACONT01,CRSTR0000P
G,FK,0,1,CEPA07MP01,KP11,DI5,F372,CEPACONT01,CRSTR0000P
G,FK,0,1,CEPA07MP01,KP11,DI5,F372,CEPACONT01,CRSTR0000P
G,FK,0,1,CEPA07MP01,KP11,DI5,F372,CEPACONT01,CRSTR0000P
G,FK,0,1,CEPA07MP01,KP11,DI5,F372,CEPACONT01,CRSTR0000P
G,FK,0,1,CEBAKPA005,KP12,DI2,F279,CEPACONT01,CRSTR0000P
G,FK,0,1,CEPA07MP01,KP12,DI5,F174,CEPACONT01,CRSTR0000P
G,FK,0,1,CEPA07CMD1,KP11,DI5,F97,CEPACONT01,CRSTR0000P
G,FK,0,1,CEPA00301M,KP13,DI3,F263,CEBIH1PA02,CEBIHPA002
B,FK,0,1,CEPA00301M,KP13,DI3,F235,CEBIH1PA02,CEBIHPA002
B,FK,0,1,CEPA07CMD1,KP11,DI5,F412,CEBIH1PA02,CEBIHPA002
B,FK,0,1,CEPA07SAC2,KP13,DI5,F310,CEBIH1PA02,CEBIHPA002
G,FK,0,1,CEPA07SAC2,KP13,DI5,F310,CEBIH1PA02,CEBIHPA002
B,FK,0,1,CEPA07SAC1,KP13,DI5,F310,CEBIH1PA02,CEBIHPA002
G,FK,0,1,CEPA07SAC1,KP13,DI5,F310,CEBIH1PA02,CEBIHPA002
G,FK,0,1,CEPA00301M,KP13,DI3,F189,CEPACONT01,CRSTR0000P
G,FK,0,1,CE003PAMON,KP11,DI5,F253,CEPA07MP01,CEPACONT01
B,FK,0,1,CEPA07MP01,KP11,DI5,F189,CEBIH1PA02,CEBIHPA002
G,FK,0,1,CEPA07CMD1,KP11,DI5,F181,CEPA00301M,CEPACONT01
G,FK,0,1,CEPA00301M,KP13,DI3,F444,CEBIH1PA02,CEBIHPA002
B,FK,0,1,CEPA07SAC2,KP24,DI5,F412,CEBIH1PA02,CEBIHPA002
G,FK,0,1,CEPA07SAC1,KP24,DI5,F412,CEBIH1PA02,CEBIHPA002
B,FK,0,1,CEPA07MP01,KP13,DI5,F412,CEBIH1PA02,CEBIHPA002
G,SL,0,0,CE003PAMON,KP13,DI5,F199,CEBIH1PA02,CEBIHPA002
B,FK,0,1,CEPA07SAC2,KP11,DI5,F174,CEBIH1PA02,CEBIHPA002
B,SL,0,1,CEPA07MP01,KP11,DI5,F174,CEBIH1PA02,CEBIHPA002
G,FK,0,1,CEPA07CMD1,KP11,DI5,F416,CEBIH1PA02,CEBIHPA002
G,FK,0,1,CEBAKPA005,KP13,DI2,F432,CEBIH1PA02,CEBIHPA002
G,FK,0,1,CEPA00301M,KP13,DI3,F97,CEBIH1PA02,CEBIHPA002
G,FK,0,1,CEPA00307M,KP13,DI5,F96,CEBIH1PA02,CEBIHPA002
G,FK,0,1,CEPA003H10,KP22,DI3,F58,CEBIH1PA02,CEBIHPA002
G,FK,0,1,CEPA003H10,KP22,DI3,F58,CEBIH1PA02,CEBIHPA002
G,FK,0,1,CEBAKPA003,KP12,DI3,F58,CEPACONT01,CRSTR000PP
G,FK,0,1,CEPA00307M,KP13,DI5,F64,CEBIH1PA02,CEBIHPA002
G,FK,0,1,CEPA00308M,KP12,DI5,F204,CEBIH1PA02,CEBIHPA002
G,FK,0,1,CEBAKPA003,KP12,DI3,F50,CEPACONT01,CRSTR000PP
B,MM,0,1,CE003PAMON,KP13,DI5,F220,CEBIH1PA02,CEBIHPA002
B,FK,0,1,CE003PAMON,KP13,DI5,F220,CEBIH1PA02,CEBIHPA002
B,FK,1,1,CE003PAMON,KP13,DI5,F46,CEPACONT01,CEPA07MP01
B,FK,1,1,CE003PAMON,KP13,DI5,F46,CEPACONT01,CEBAKPA003
B,FK,0,1,CEPA003003,KP13,DI5,F266,CEBIH1PA02,CEBIHPA002
G,FK,0,1,CE003PAMON,KP13,DI5,F46,CEBIH1PA02,CEBIHPA002
G,FK,0,1,CE003PAMON,KP13,DI5,F46,CEBIH1PA02,CEBIHPA002
G,FK,0,1,CEPA07SPA1,KP13,DI5,F346,CEBIH1PA02,CEBIHPA002
G,FK,0,1,CEPA07SPA1,KP13,DI5,F56,CEPACONT01,CRSTR000PP
B,FK,0,1,CEPA003003,KP13,DI5,F259,CEBIH1PA02,CEBIHPA002
G,FK,0,1,CEPA003003,KP13,DI5,F21,CEBIH1PA02,CEBIHPA002
G,FK,0,1,CEPA07SPA1,KP13,DI5,F297,CEBIH1PA02,CEBIHPA002
G,FK,0,1,CEPA07SPA1,KP13,DI5,F297,CEBIH1PA02,CEBIHPA002
G,FK,0,1,CEBAKPA005,KP13,DI2,F266,CEBIH1PA02,CEBIHPA002
G,FK,0,1,CEPA00301M,KP13,DI3,F175,CEBIH1PA02,CEBIHPA002
G,FK,0,0,CEBAKPA003,KP13,DI3,F182,CEBIH1PA02,CEBIHPA002
G,FK,0,1,CEPA00301M,KP20,DI3,F346,CEPACONT01,CRSTR000PP
B,FK,2,1,CEPA003003,KP13,DI5,F46,CEPACONT01,CEBAKPA005
G,FK,0,1,CEPA003003,KP20,DI5,F131,CEPACONT01,CRSTR000PP
G,FK,0,1,CEPA07SPA1,KP13,DI5,F175,CEBAKPA003,CEBIH1PA02
G,FK,0,1,CEPA07SAC2,KP11,DI5,F220,CEPA07CMD1,CEPACONT01
G,FK,0,1,CEPA00301M,KP13,DI3,F33,CEBIH1PA02,CEBIHPA002
G,SL,0,1,CEPA00301M,KP13,DI3,F33,CEBIH1PA02,CEBIHPA002
B,FK,2,1,CEPA00307M,KP13,DI5,F14,CEPACONT01,CEBAKPA005
G,FK,1,1,CEPA00308M,KP12,DI5,F33,CEPACONT01,CEPA07SPA1
B,FK,1,1,CEPA00307M,KP13,DI5,F134,CEPACONT01,CEBAKPA005
G,FK,1,1,CEPA07SPA1,KP13,DI5,F128,CEPACONT01,CEPA0301M0
G,FK,1,1,CE045TMPA0,KP06,DI2,F249,CEPACONT01,CEPAVIG005
G,FK,1,1,CE003PAMON,KP12,DI5,F339,CEPACONT01,CEPA05V01M
G,FK,0,1,CEPA00307M,KP13,DI5,F120,CEPACONT01,CRSTR000PP
G,FK,0,1,CEPA07MP01,KP11,DI5,F64,CEBIH1PA02,CEBIHPA002
B,FK,0,1,CEPA07MP01,KP11,DI5,F64,CEBIH1PA02,CEBIHPA002
G,FK,0,1,CEPA07MP01,KP11,DI5,F64,CEBIH1PA02,CEBIHPA002
B,FK,0,1,CEPA07MP01,KP11,DI5,F64,CEBIH1PA02,CEBIHPA002
G,FK,0,1,CEBAKPA005,KP11,DI2,F446,CEBIH1PA02,CEBIHPA002
G,FK,1,2,CEPA07MP01,KP12,DI5,F22,CE003PAMON,CEPA00308M
G,FK,1,2,CEPA07MP01,KP12,DI5,F22,CE003PAMON,CEPA00308M
B,FK,3,1,CEBAKPA003,KP12,DI3,F453,CEPACONT01,CE003PAMON
G,FK,3,1,CEBAKPA005,KP06,DI2,F289,CEPACONT01,CEPA07SPA1
G,FK,6,1,CE003PAMON,KP19,DI5,F220,CEPACONT01,CEPA003003
G,FK,1,1,CE003PAMON,KP19,DI5,F220,CEPACONT01,CEPA003003
B,SL,0,1,CEPA00307M,KP13,DI5,F8,CEBIH1PA02,CEBIHPA002
G,FK,0,1,CEPA00308M,KP11,DI5,F128,CEBIH1PA02,CEBIHPA002
G,FK,1,1,CEPA00307M,KP13,DI5,F453,CEPACONT01,CE003PAMON
B,FK,2,1,CEPA00308M,KP11,DI5,F318,CEPACONT01,CE003PAMON
G,FK,0,1,CE045TMPA0,KP13,DI2,F464,CEBIH1PA02,CEBIHPA002
G,FK,0,1,CE003PAMON,KP13,DI5,F117,CEBIH1PA02,CEBIHPA002
B,SL,0,1,CE003PAMON,KP13,DI5,F117,CEBIH1PA02,CEBIHPA002
G,SL,3,2,CEBAKPA003,KP13,DI3,F170,CE003PAMON,CEPA00308M
G,FK,0,1,CE003PAMON,KP11,DI5,F170,CEPACONT01,CRSTR000PP
G,FK,0,1,CEPA00301M,KP13,DI3,F60,CEPACONT01,CRSTR000PP
G,FK,0,1,CEPA07SAC2,KP11,DI5,F285,CEBIH1PA02,CEBIHPA002
B,SL,0,1,CEPA07SAC2,KP11,DI5,F285,CEBIH1PA02,CEBIHPA002
G,FK,0,1,CEPA07SAC1,KP11,DI5,F285,CEBIH1PA02,CEBIHPA002
B,FK,0,1,CEPA07SAC1,KP11,DI5,F285,CEBIH1PA02,CEBIHPA002
G,FK,0,0,CEPA07SAC2,KP02,DI5,F170,CEPACONT01,CRSTR000PP
G,FK,0,0,CEPA07SAC1,KP13,DI5,F170,CEPACONT01,CRSTR000PP
B,FK,0,1,CEPA07SAC1,KP11,DI5,F56,CEBIH1PA02,CEBIHPA002
G,FK,0,1,CEPA07SAC1,KP11,DI5,F56,CEBIH1PA02,CEBIHPA002
G,SL,2,1,CEPA003003,KP20,DI5,F60,CEPACONT01,CEPA003003
G,FK,1,0,CEPA003003,KP13,DI5,F337,CEPACONT01,CEPA003003
G,SL,0,1,CEPA003H40,KP22,DI3,F132,CEBIH1PA02,CEBIHPA002
G,FK,2,1,CEPA003H40,KP22,DI3,F42,CEPACONT01,CEPA05SMD1
G,FK,1,1,CEPA003H40,KP22,DI3,F42,CEPACONT01,CEPA003003
B,SL,2,1,CEPA00301M,KP13,DI3,F118,CEPACONT01,CEPA00301M
G,FK,1,1,CEPA00301M,KP13,DI3,F455,CEPACONT01,CEPA00301M
G,FK,1,1,CEPA00301M,KP13,DI3,F382,CEPACONT01,CEPA00301M
G,FK,0,1,CE045TMPA0,KP13,DI2,F342,CEBIH1PA02,CEBIHPA002
G,FK,0,1,CE003PAMON,KP11,DI5,F382,CEBIH1PA02,CEBIHPA002
G,FK,0,1,CE003PAMON,KP11,DI5,F382,CEBIH1PA02,CEBIHPA002
G,FK,0,1,CE003PAMON,KP11,DI5,F382,CEBIH1PA02,CEBIHPA002
G,FK,0,1,CE003PAMON,KP11,DI5,F382,CEBIH1PA02,CEBIHPA002
G,FK,0,1,CEPA00301M,KP13,DI3,F382,CEBIH1PA02,CEBIHPA002
B,FK,1,1,CEPA00307M,KP13,DI5,F348,CEPACONT01,CEPA05V01M
G,FK,0,1,CEPA003H40,KP22,DI3,F172,CEPA00301M,CEBIH1PA02
G,FK,0,1,CEPA003H10,KP07,DI3,F46,CEBIH1PA02,CEBIHPA002
B,SL,0,1,CEPA003H10,KP07,DI3,F46,CEBIH1PA02,CEBIHPA002
G,FK,0,1,CEPA00307M,KP13,DI5,F316,CEBIH1PA02,CEBIHPA002
G,FK,0,1,CEPA07CMD1,KP20,DI5,F261,CEBIH1PA02,CEBIHPA002
G,FK,0,1,CEPA07CMD1,KP20,DI5,F261,CEBIH1PA02,CEBIHPA002
G,FK,0,1,CEPA07CMD1,KP20,DI5,F261,CEBIH1PA02,CEBIHPA002
G,FK,0,1,CEPA07CMD1,KP20,DI5,F261,CEBIH1PA02,CEBIHPA002
G,FK,0,1,CEBAKPA005,KP12,DI2,F123,CEPA00301M,CEBIH1PA02
G,FK,2,1,CEPA003H10,KP18,DI3,F124,CEPACONT01,CEPA00301M
G,FK,2,1,CEBAKPA003,KP07,DI3,F225,CEPACONT01,CEPA00301M
G,FK,1,1,CEPA003003,KP07,DI5,F421,CEPACONT01,CEPA003005
G,FK,1,1,CEBAKPA005,KP13,DI2,F158,CEPACONT01,CEPA00301M
G,FK,1,1,CEPA07SPA1,KP13,DI5,F169,CEPACONT01,CEPA00301M
G,FK,1,1,CEPA00301M,KP20,DI3,F46,CEPACONT01,CEPA00301M
G,FK,1,1,CEPA00301M,KP20,DI3,F237,CEPACONT01,CEPA00301M
G,FK,1,1,CEPA00301M,KP20,DI3,F118,CEPACONT01,CEPA00301M
G,FK,1,1,CEPA00301M,KP20,DI3,F46,CEPACONT01,CEPA00308M
G,SL,2,1,CEPA003H10,KP07,DI3,F124,CEPACONT01,CEPA00308M
G,FK,0,1,CEPA003003,KP13,DI5,F310,CEBIH1PA02,CEBIHPA002
G,SL,2,1,CEPA07SPA1,KP13,DI5,F124,CEPACONT01,CEPA07SPA1
G,FK,0,1,CEPA07SPA1,KP13,DI5,F40,CEPA00301M,CEPACONT01
G,FK,0,1,CEPA07SPA1,KP13,DI5,F40,CEPA003003,CEPACONT01
G,FK,1,1,CEBAKPA005,KP12,DI2,F192,CEPACONT01,CEPA00301M
G,FK,2,1,CEBAKPA003,KP13,DI3,F46,CEPACONT01,CEPA07SPA1
G,FK,0,1,CEBAKPA003,KP13,DI3,F46,CEBIH1PA02,CEBIHPA002
B,FK,1,1,CEPA00301M,KP13,DI3,F46,CEPACONT01,CEPA00301M
G,FK,1,1,CE003PAMON,KP12,DI5,F13,CEPACONT01,CEPA00301M
G,FK,1,1,CEPA00307M,KP20,DI5,F46,CEPACONT01,CEPA00307M
G,FK,0,1,CEPA00308M,KP11,DI5,F113,CEBIH1PA02,CEBIHPA002
B,FK,3,1,CEPA07SPA1,KP13,DI5,F134,CEPACONT01,CEPA00301M
G,FK,0,1,CEPA00307M,KP13,DI5,F41,CEBIH1PA02,CEBIHPA002
G,FK,1,1,CEPA00308M,KP08,DI5,F422,CEPACONT01,CEPA00301M
G,SL,4,0,CEPA00301M,KP13,DI3,F160,CEPACONT01,CEBAKPA003
G,FK,0,1,CEPA07SPA1,KP13,DI5,F197,CEBIH1PA02,CEBIHPA002
G,FK,1,1,CEPA00301M,KP20,DI3,F26,CEPACONT01,CEPA00308M
G,FK,0,1,CEPA07CMD1,KP20,DI5,F16,CEPACONT01,CRSTR000PP
G,SL,0,1,CEBAKPA005,KP12,DI2,F12,CEBIH1PA02,CEBIHPA002
G,FK,1,1,CE045TMPA0,KP13,DI2,F301,CEPACONT01,CEPA07SPA1
G,FK,1,1,CE003PAMON,KP08,DI5,F13,CEPACONT01,CEPA003005
G,FK,1,1,CE003PAMON,KP08,DI5,F13,CEPACONT01,CE003PAMON
G,FK,1,1,CEPA07CMD1,KP11,DI5,F324,CEPACONT01,CEPA07SPA1
G,SL,4,1,CEPA003H10,KP22,DI3,F161,CEPACONT01,CEBAKPA005
G,FK,1,1,CEPA07CMD1,KP11,DI5,F324,CEPACONT01,CEBAKPA003
G,FK,2,1,CEPA07CMD1,KP11,DI5,F324,CEPACONT01,CEBAKPA003
G,FK,1,1,CEPA07CMD1,KP11,DI5,F324,CEPACONT01,CEPA07SPA1
G,FK,4,1,CEPA003H10,KP22,DI3,F161,CEPACONT01,CEPA07SAC2
G,FK,1,1,CEPA003H10,KP22,DI3,F161,CEPACONT01,CEPA05V01M
B,FK,2,1,CEBAKPA005,KP12,DI2,F187,CEPACONT01,CE003PAMON
B,FK,2,1,CEPA07SAC2,KP12,DI5,F414,CEPACONT01,CEPA003003
G,FK,0,1,CEBAKPA005,KP12,DI2,F172,CEPACONT01,CRSTR000PP
G,FK,0,1,CEPA07SAC2,KP11,DI5,F161,CEPACONT01,CRSTR000PP
G,FK,2,1,CEPA07SPA1,KP13,DI5,F186,CEPACONT01,CE045TMPA0
G,SL,1,1,CEPA07SPA1,KP13,DI5,F342,CEPACONT01,CEBAKPA005
B,FK,1,1,CEPA07SPA1,KP13,DI5,F186,CEPACONT01,CEPA07SPA1
B,FK,5,1,CEPA07SPA1,KP13,DI5,F342,CEPACONT01,CEPA07SAC2
B,FK,2,1,CEBAKPA005,KP12,DI2,F64,CEPACONT01,CE003PAMON
G,FK,0,1,CEBAKPA005,KP12,DI2,F222,CEPACONT01,CRSTR000PP
G,FK,3,1,CEBAKPA005,KP06,DI2,F56,CEPACONT01,CE045TMPA0
G,FK,1,1,CEPA07SPA1,KP13,DI5,F56,CEPACONT01,CE045TMPA0
G,FK,1,0,CEPA07SPA1,KP13,DI5,F56,CEPACONT01,CE045TMPA0
B,SL,0,1,CEPA07SPA1,KP13,DI5,F432,CEBIH1PA02,CEBIHPA002
B,FK,1,1,CEPA07MP01,KP12,DI5,F37,CEPACONT01,CEPA00308M
G,FK,1,1,CEPA07MP01,KP12,DI5,F37,CEPACONT01,CEBAKPA005
B,FK,1,1,CEPA07MP01,KP12,DI5,F37,CEPACONT01,CEPA00301M
G,FK,1,1,CEPA07MP01,KP12,DI5,F37,CEPACONT01,CEPA003003
B,FK,2,1,CEBAKPA005,KP13,DI2,F144,CEPACONT01,CEPA05V01M
G,FK,0,1,CEPA07SPA1,KP13,DI5,F222,CEPACONT01,CRSTR000PP
G,FK,0,1,CEBAKPA005,KP11,DI2,F222,CEPACONT01,CRSTR000PP
G,FK,1,1,CEPA00307M,KP13,DI5,F172,CEPACONT01,CEPA07SAC1
G,FK,0,1,CEPA07MP01,KP13,DI5,F222,CEPACONT01,CRSTR000PP
G,FK,0,1,CEPA07MP01,KP13,DI5,F222,CEPACONT01,CRSTR000PP
G,FK,1,1,CEPA00301M,KP13,DI3,F314,CEPACONT01,CEPAVIG005
G,FK,1,1,CEPA07SAC2,KP07,DI5,F56,CEPACONT01,CEBAKPA003
G,SL,1,1,CEPA07SAC2,KP07,DI5,F56,CEPACONT01,CEPA07SPA1
G,FK,1,1,CEPA07SAC1,KP13,DI5,F56,CEPACONT01,CEPA00301M
G,FK,1,1,CEPA07SAC1,KP13,DI5,F56,CEPACONT01,CEPA07SPA1
B,MM,1,1,CEPA07SPA1,KP13,DI5,F447,CEPACONT01,CE003PAMON
G,FK,1,1,CEPA07SPA1,KP13,DI5,F408,CEPACONT01,CEPA00307M
B,SL,1,1,CEPA07SAC2,HP15,DI4,F356,CEPACONT01,CEPA05SMD1
G,SL,0,0,CEPA07SAC2,HP16,DI4,F31,CEBIH1PA02,CEBIHPA002
G,FK,0,1,CEBAKPA003,KP13,DI3,F258,CEBIH1PA02,CEBIHPA002
G,SL,0,1,CEPA07SAC2,HP16,DI4,F139,CEBIH1PA02,CEBIHPA002
G,SL,0,1,CEPA003H10,KP22,DI3,F301,CEBIH1PA02,CEBIHPA002
B,SL,0,1,CEPA003H10,KP18,DI3,F338,CEBIH1PA02,CEBIHPA002
G,FK,0,1,CEPA07SPA1,KP13,DI4,F88,CEBIH1PA02,CEBIHPA002
G,SL,0,1,CEPA003H40,KP24,DI3,F236,CEBIH1PA02,CEBIHPA002
G,FK,0,1,CEPA003H40,KP24,DI3,F236,CEBIH1PA02,CEBIHPA002
G,SL,0,1,CEPA003003,HP16,DI4,F424,CEBIH1PA02,CEBIHPA002
G,SL,0,1,CEBAKPA003,KP02,DI3,F76,CEBIH1PA02,CEBIHPA002
G,FK,0,1,CEBAKPA003,KP02,DI3,F76,CEBIH1PA02,CEBIHPA002
G,SL,0,1,CEPA07SPA1,KP02,DI4,F212,CEBIH1PA02,CEBIHPA002
G,SL,0,1,CEPA07SPA1,KP02,DI4,F212,CEBIH1PA02,CEBIHPA002
G,FK,0,1,CEBAKPA005,HP15,DI1,F153,CEBIH1PA02,CEBIHPA002
G,FK,1,1,CEBAKPA003,KP12,DI3,F61,CE003PAMON,CEPACONT01
G,SL,0,1,CEPA07SPA1,KP13,DI4,F371,CEBIH1PA02,CEBIHPA002
G,FK,0,1,CEPA07SPA1,KP13,DI4,F371,CEBIH1PA02,CEBIHPA002
G,FK,0,1,CEBAKPA005,HP15,DI1,F383,CEBIH1PA02,CEBIHPA002
G,SL,0,1,CEPA07SAC2,JP06,DI4,F396,CEBIH1PA02,CEBIHPA002
G,FK,0,1,CEPA07SAC2,JP06,DI4,F396,CEBIH1PA02,CEBIHPA002
G,SL,0,1,CEPA07SAC1,KP11,DI4,F396,CEPA07SAC2,CEBIH1PA02
B,FK,0,1,CEPA07SAC1,KP11,DI4,F396,CEBIH1PA02,CEBIHPA002
G,FK,0,1,CEBAKPA005,HP15,DI1,F443,CEBIH1PA02,CEBIHPA002
G,FK,0,1,CEPA07SPA1,KP13,DI4,F384,CEBIH1PA02,CEBIHPA002
G,SE,0,1,CEPA003H10,KP02,DI3,F391,CEBIH1PA02,CEBIHPA002
G,FK,0,1,CEPA003H10,KP02,DI3,F391,CEBIH1PA02,CEBIHPA002
G,FK,0,1,CEPA003H10,KP02,DI3,F391,CEBIH1PA02,CEBIHPA002
G,SL,0,1,CEBAKPA003,KP13,DI3,F328,CEBIH1PA02,CEBIHPA002
G,FK,0,1,CEBAKPA003,KP11,DI3,F291,CEBIH1PA02,CEBIHPA002
B,FK,0,1,CEPA07SAC2,KP11,DI4,F168,CEBIH1PA02,CEBIHPA002
G,FK,0,1,CEPA003H40,KP24,DI3,F130,CEBIH1PA02,CEBIHPA002
G,SL,0,1,CEPA003H40,KP24,DI3,F130,CEBIH1PA02,CEBIHPA002
G,SL,0,1,CEPA003003,KP13,DI4,F295,CEBIH1PA02,CEBIHPA002
G,FK,0,1,CEPA07SPA1,KP13,DI4,F227,CEBIH1PA02,CEBIHPA002
G,SL,0,1,CEPA07SPA1,KP13,DI4,F227,CEBIH1PA02,CEBIHPA002
G,SL,0,1,CEBAKPA005,KP06,DI1,F197,CEBIH1PA02,CEBIHPA002
B,FK,0,1,CEBAKPA003,KP12,DI3,F239,CEBIH1PA02,CEBIHPA002
G,FK,0,1,CEBAKPA003,KP12,DI3,F239,CEBIH1PA02,CEBIHPA002
G,FK,0,1,CEBAKPA003,KP11,DI3,F409,CEBIH1PA02,CEBIHPA002
G,SL,0,1,CEBAKPA003,KP13,DI3,F129,CEBIH1PA02,CEBIHPA002
G,FK,0,1,CEPA07SAC2,KP13,DI4,F326,CEPACONT01,CRSTR0000P
G,FK,0,1,CEPA07SAC2,KP13,DI4,F326,CEPACONT01,CRSTR0000P
G,FK,0,1,CEPA07SAC1,KP13,DI4,F326,CEPACONT01,CRSTR0000P
G,FK,0,1,CEPA07SAC1,KP13,DI4,F326,CEPACONT01,CRSTR0000P
G,FK,0,1,CEBAKPA005,KP06,DI1,F408,CEPACONT01,CRSTR0000P
G,SE,1,1,CEBAKPA003,KP12,DI3,F223,CEPACONT01,CEPA07SAC1
G,SL,1,1,CEPA07SPA1,KP13,DI4,F116,CEPACONT01,CEBAKPA003
B,SL,2,1,CEPA07SPA1,KP13,DI4,F116,CEPACONT01,CEPA07SPA1
G,FK,1,1,CEBAKPA005,KP06,DI1,F62,CEPACONT01,CE003PAMON
G,FK,0,1,CEPA07SPA1,KP13,DI4,F165,CEPACONT01,CRSTR0000P
B,FK,1,1,CEPA07SPA1,KP13,DI4,F296,CEPACONT01,CEPA07SPA1
G,SL,2,1,CEPA003H10,KP02,DI3,F298,CEPACONT01,CEBAKPA005
G,FK,1,1,CEPA003H10,KP02,DI3,F298,CEPACONT01,CEBAKPA003
B,FK,1,1,CEPA003H10,KP02,DI3,F298,CEPACONT01,CEPA00301M
G,SL,0,1,CEPA07SPA1,KP13,DI4,F32,CEBIH1PA02,CEBIHPA002
B,FK,1,1,CEBAKPA003,KP11,DI3,F188,CEPACONT01,CEPA07MP01
B,FK,0,1,CEBAKPA003,KP11,DI3,F184,CEBIH1PA02,CEBIHPA002
G,FK,1,1,CEBAKPA003,KP13,DI3,F111,CEPACONT01,CE003PAMON
G,FK,1,1,CEBAKPA003,KP13,DI3,F354,CEPACONT01,CE003PAMON
G,FK,1,1,CEPA003H40,KP22,DI3,F466,CEPACONT01,CE045TMPA0
G,FK,4,1,CEPA003H40,KP22,DI3,F466,CEPACONT01,CEPA003003
G,SL,1,1,CEPA003003,HP16,DI4,F15,CEPACONT01,CEPA05V01M
B,SL,0,1,CEPA07SPA1,KP08,DI4,F84,CEBIH1PA02,CEBIHPA002
G,FK,0,1,CEPA07SPA1,KP08,DI4,F84,CEBIH1PA02,CEBIHPA002
G,SL,0,1,CEBAKPA005,HP15,DI1,F127,CEBIH1PA02,CEBIHPA002
G,SL,0,1,CEBAKPA003,KP13,DI3,F365,CEBIH1PA02,CEBIHPA002
G,FK,0,1,CEBAKPA003,KP13,DI3,F365,CEBIH1PA02,CEBIHPA002
G,FK,0,1,CEBAKPA003,KP13,DI3,F449,CEBIH1PA02,CEBIHPA002
G,FK,0,1,CEBAKPA003,KP11,DI3,F327,CEBIH1PA02,CEBIHPA002
G,FK,2,1,CEPA07SAC2,HP16,DI4,F256,CEPACONT01,CE003PAMON
G,SL,1,1,CEPA07SAC2,HP16,DI4,F256,CEPACONT01,CEBAKPA005
B,FK,3,1,CEPA07SAC1,KP13,DI4,F256,CEPACONT01,CE003PAMON
G,SL,1,1,CEPA07SAC1,KP13,DI4,F256,CEPACONT01,CE003PAMON
G,FK,1,1,CEBAKPA005,HP15,DI1,F448,CEPACONT01,CEPA003003
G,FK,0,1,CEBAKPA003,KP11,DI3,F352,CEBAKPA003,CEBIH1PA02
G,SL,1,1,CEPA07SPA1,KP13,DI4,F362,CEPACONT01,CEPA07SPA1
G,SL,1,1,CEPA07SPA1,KP13,DI4,F362,CEPACONT01,CEBAKPA005
G,FK,2,1,CEBAKPA005,HP15,DI1,F243,CEPACONT01,CE003PAMON
G,FK,0,1,CEBAKPA003,KP13,DI3,F327,CEBIH1PA02,CEBIHPA002
B,FK,0,1,CEBAKPA003,KP11,DI3,F377,CEPACONT01,CRSTR0000P
B,FK,0,1,CEPA07SPA1,KP13,DI4,F441,CEBIH1PA02,CEBIHPA002
G,FK,0,1,CEBAKPA003,KP11,DI3,F438,CEBIH1PA02,CEBIHPA002
G,FK,0,1,CEBAKPA003,KP11,DI3,F377,CEBIH1PA02,CEBIHPA002
G,FK,0,1,CEPA003H10,KP02,DI3,F355,CEBIH1PA02,CEBIHPA002
G,SL,0,1,CEPA003H10,KP02,DI3,F355,CEBIH1PA02,CEBIHPA002
G,FK,0,1,CEPA003H10,KP02,DI3,F355,CEBIH1PA02,CEBIHPA002
B,MM,0,1,CEBAKPA003,KP11,DI3,F288,CEBIH1PA02,CEBIHPA002
G,FK,0,1,CEBAKPA005,HP15,DI1,F246,CEBIH1PA02,CEBIHPA002
G,FK,0,1,CEBAKPA005,HP15,DI1,F133,CEBAKPA003,CEBIH1PA02
G,SL,0,1,CEBAKPA005,HP15,DI1,F109,CEBIH1PA02,CEBIHPA002
G,FK,0,0,CEPA07SPA1,KP13,DI4,F25,CEPACONT01,CRSTR0000P
G,FK,0,1,CEBAKPA005,HP15,DI1,F291,CEPACONT01,CRSTR0000P
G,FK,0,0,CEBAKPA005,HP15,DI1,F189,CEBIH1PA02,CEBIHPA002
G,FK,0,1,CEPA003H10,KP02,DI3,F175,CEBIH1PA02,CEBIHPA002
G,FK,0,1,CEPA07SPA1,KP13,DI4,F299,CEPACONT01,CRSTR0000P
G,SL,1,1,CEPA003H40,KP02,DI3,F182,CEPACONT01,CE003PAMON
G,FK,2,1,CEPA003H40,KP02,DI3,F182,CEPACONT01,CE003PAMON
G,SL,1,1,CEPA003003,KP02,DI4,F244,CEPACONT01,CE003PAMON
G,SL,3,1,CEPA07SPA1,KP13,DI4,F115,CEPACONT01,CEPA05V01M
G,SL,3,0,CEBAKPA005,HP15,DI1,F387,CEPACONT01,CEPA003V2M
G,FK,1,1,CEBAKPA003,KP12,DI3,F247,CEPACONT01,CEPAASH001
G,FK,1,1,CEBAKPA003,KP12,DI3,F247,CEPACONT01,CEPAASH001
G,SL,1,1,CEPA07SPA1,KP13,DI4,F143,CEPACONT01,CE003PAMON
G,SL,2,1,CEPA07SPA1,KP13,DI4,F143,CEPACONT01,CEPA07SPA1
G,SL,0,1,CEBAKPA005,KP12,DI1,F366,CE003PAMON,CEBIH1PA02
G,FK,0,1,CEPA07SPA1,KP13,DI4,F93,CEPACONT01,CRSTR0000P
G,FK,0,0,CEBAKPA005,KP13,DI1,F175,CEPACONT01,CRSTR0000P
G,FK,0,2,CEPA003003,HP16,DI4,F450,CEPA003003,CEPA05V01M
G,FK,1,1,CEPA003H10,KP02,DI3,F353,CEPACONT01,CEPA00307M
G,FK,0,1,CEPA07SAC2,KP11,DI4,F51,CEPACONT01,CRSTR0000P
G,FK,0,1,CEPA07SAC2,KP11,DI4,F51,CEPA003H10,CEPACONT01
G,FK,0,1,CEPA07SAC1,KP11,DI4,F51,CEPACONT01,CRSTR0000P
B,FK,0,1,CEPA07SAC1,KP11,DI4,F51,CEPACONT01,CRSTR0000P
G,FK,0,1,CEBAKPA005,KP12,DI1,F121,CEPACONT01,CRSTR0000P
G,FK,1,1,CEPA07SPA1,KP19,DI4,F353,CEPACONT01,CEPA00307M
G,FK,1,1,CEPA07SPA1,KP19,DI4,F353,CEPACONT01,CEPA00307M
G,FK,0,1,CEBAKPA005,KP11,DI1,F209,CEPACONT01,CRSTR0000P
G,FK,0,1,CEPA07SAC1,KP11,DI4,F150,CEPACONT01,CRSTR0000P
B,FK,0,1,CEPA07SAC1,KP11,DI4,F287,CEPACONT01,CRSTR0000P
G,FK,0,1,CEBAKPA003,KP11,DI3,F325,CEPACONT01,CRSTR0000P
G,FK,0,1,CEBAKPA005,KP11,DI1,F52,CEPACONT01,CRSTR0000P
G,FK,1,1,CEPA003H10,KP02,DI3,F360,CEBAKPA003,CEPACONT01
G,FK,0,0,CEPA003H10,KP02,DI3,F360,CEBAKPA005,CEPACONT01
G,FK,0,1,CEPA003H10,KP02,DI3,F360,CEPACONT01,CRSTR0000P
G,FK,0,1,CEBAKPA003,KP11,DI3,F182,CEPACONT01,CRSTR0000P
G,FK,1,1,CEBAKPA005,KP11,DI1,F226,CEPACONT01,CEPA003H10
G,FK,1,1,CEBAKPA005,HP15,DI1,F380,CEBAKPA005,CEPACONT01
G,FK,1,1,CEBAKPA005,KP12,DI1,F252,CEPACONT01,CE003PAMON
G,FK,1,1,CEPA003H40,KP02,DI3,F90,CEPACONT01,CEPAVIG005
B,SL,2,1,CEPA003H40,KP24,DI3,F200,CEPACONT01,CEPA07SPA1
B,FK,1,1,CEPA003H40,KP24,DI3,F200,CEPACONT01,CEPA003H10
G,FK,1,1,CEPA003003,HP16,DI4,F7,CEPACONT01,CEPA00301M
G,SL,0,1,CEBAKPA003,KP12,DI3,F462,CEBIH1PA02,CEBIHPA002
G,SL,0,1,CEBAKPA003,KP12,DI3,F462,CEBIH1PA02,CEBIHPA002
G,SL,0,1,CEPA07SPA1,KP13,DI4,F85,CEBIH1PA02,CEBIHPA002
G,FK,3,1,CEPA07SPA1,KP13,DI4,F85,CEPA003H10,CEPACONT01
G,FK,1,1,CEBAKPA005,KP13,DI1,F213,CEPA003H10,CEPACONT01
B,FK,2,1,CEPA07SAC2,HP15,DI4,F202,CEPA07SAC1,CEPACONT01
B,FK,3,1,CEPA07SAC1,KP19,DI4,F202,CEPA07SAC2,CEPACONT01
G,FK,1,1,CEBAKPA005,HP15,DI1,F333,CEPACONT01,CEPA00301M
G,FK,1,1,CEPA07SAC2,HP16,DI4,F77,CEPACONT01,CEPA003005
B,SL,5,1,CEBAKPA003,KP02,DI3,F274,CEPACONT01,CEPA003005
G,FK,0,1,CEPA07SAC2,HP16,DI4,F254,CEBIH1PA02,CEBIHPA002
B,SL,0,1,CEPA07SAC2,HP16,DI4,F254,CEBIH1PA02,CEBIHPA002
G,FK,1,1,CEPA07SAC1,KP11,DI4,F254,CEPACONT01,CEBAKPA005
G,FK,1,1,CEPA07SAC1,KP11,DI4,F254,CEPACONT01,CEPA07SPA1
G,FK,1,1,CEBAKPA003,KP13,DI3,F30,CEPACONT01,CEPA00307M
G,SL,0,1,CEBAKPA005,HP15,DI1,F370,CEBIH1PA02,CEBIHPA002
G,FK,1,1,CEPA07SPA1,KP24,DI4,F380,CEPACONT01,CEMMATREVB
G,FK,2,1,CEPA07SPA1,KP24,DI4,F380,CEPACONT01,CE003PAMON
G,FK,1,1,CEBAKPA005,HP15,DI1,F44,CEPACONT01,CEPA00301M
G,FK,0,1,CEPA07SAC2,JP04,DI4,F363,CEBIH1PA02,CEBIHPA002
G,FK,1,1,CEPA003H10,KP02,DI3,F305,CEPACONT01,CEBAKPA005
G,FK,1,1,CEPA003H10,KP02,DI3,F305,CEPACONT01,CE045TMPA0
G,SL,2,1,CEPA003H10,KP02,DI3,F305,CEPACONT01,CEPA07SPA1
G,FK,1,1,CEBAKPA003,KP13,DI3,F364,CEPACONT01,CEPA00307M
G,FK,1,1,CEBAKPA003,KP12,DI3,F293,CEPACONT01,CEBAKPA005
B,FK,0,1,CEBAKPA003,KP12,DI3,F122,CEBIH1PA02,CEBIHPA002
G,FK,1,1,CEPA003H40,KP22,DI3,F276,CEPACONT01,CEPA07SAC1
G,FK,0,1,CEPA003H40,KP22,DI3,F276,CEBIH1PA02,CEBIHPA002
G,FK,0,1,CEPA003003,HP16,DI4,F7,CEBIH1PA02,CEBIHPA002
G,FK,1,1,CEPA07SPA1,KP13,DI4,F219,CEPACONT01,CE003PAMON
G,FK,0,1,CEPA07SPA1,KP13,DI4,F219,CEBIH1PA02,CEBIHPA002
G,FK,0,1,CEBAKPA005,KP12,DI1,F276,CEBIH1PA02,CEBIHPA002
G,FK,0,1,CEBAKPA003,KP24,DI3,F303,CEBIH1PA02,CEBIHPA002
G,FK,0,1,CEBAKPA003,KP24,DI3,F303,CEBIH1PA02,CEBIHPA002
G,FK,0,1,CEPA07SAC2,HP16,DI4,F452,CEBIH1PA02,CEBIHPA002
G,SL,0,1,CEPA07SAC1,KP24,DI4,F452,CEBIH1PA02,CEBIHPA002
G,FK,1,1,CEPA07SAC2,HP16,DI4,F463,CEPACONT01,CEPAASH001
G,FK,1,1,CEPA07SAC2,HP16,DI4,F463,CEPACONT01,CEPAASH001
G,FK,2,1,CEPA07SAC1,KP24,DI4,F463,CEPACONT01,CEPA003003
G,FK,1,1,CEPA07SAC1,KP24,DI4,F463,CEPACONT01,CEPAASH001
G,FK,1,1,CEBAKPA005,HP15,DI1,F418,CEPACONT01,CEPAASH001
G,FK,1,1,CEPA07SPA1,KP08,DI4,F300,CEPACONT01,CEMMATREVB
G,FK,3,1,CEPA07SPA1,KP08,DI4,F300,CEPACONT01,CEMMATREVB
G,FK,1,1,CEBAKPA003,KP18,DI3,F136,CEPACONT01,CEBAKPA003
G,FK,1,1,CEBAKPA005,HP15,DI1,F204,CEPACONT01,CEPAVIG005
B,FK,1,1,CEBAKPA003,KP12,DI3,F9,CEPACONT01,CEBAKPA005
G,FK,1,1,CEBAKPA003,KP07,DI3,F164,CEPACONT01,CEPA00301M
G,FK,1,1,CEBAKPA003,KP11,DI3,F386,CEPACONT01,CEPA00301M
G,FK,0,1,CEBAKPA003,KP13,DI3,F386,CEBIH1PA02,CEBIHPA002
G,SL,1,1,CEPA003H10,KP18,DI3,F98,CEPACONT01,CEPA00301M
B,FK,1,1,CEPA003H10,KP18,DI3,F98,CEPACONT01,CEPA07MP01
G,FK,3,1,CEPA003H10,KP18,DI3,F98,CEPACONT01,CEPA07MP01
G,FK,1,1,CEBAKPA003,KP13,DI3,F100,CEPACONT01,CEPA00301M
G,FK,1,1,CEBAKPA003,KP02,DI3,F154,CEPACONT01,CEPA0301M0
G,FK,0,0,CEBAKPA003,KP13,DI3,F403,CEBIH1PA02,CEBIHPA002
G,FK,0,1,CEBAKPA005,KP06,DI1,F75,CEBIH1PA02,CEBIHPA002
G,FK,2,1,CEBAKPA003,KP13,DI3,F251,CEPACONT01,CEBAKPA003
G,FK,2,1,CEBAKPA005,KP06,DI1,F95,CEPACONT01,CE003PAMON
G,FK,1,1,CEPA003H40,KP22,DI3,F302,CEPACONT01,CEPA07SPA1
G,SL,1,1,CEPA003H40,KP22,DI3,F302,CEPACONT01,CE045TMPA0
B,SL,2,1,CEPA003003,KP13,DI4,F169,CEPACONT01,CEPA07SAC1
G,SL,1,1,CEBAKPA003,KP12,DI3,F433,CEPA00307M,CEPACONT01
G,SL,3,1,CEBAKPA003,KP12,DI3,F433,CEPA00307M,CEPACONT01
G,SL,0,1,CEPA07SPA1,KP13,DI4,F317,CEBIH1PA02,CEBIHPA002
G,FK,0,1,CEPA07SPA1,KP13,DI4,F317,CEBIH1PA02,CEBIHPA002
G,FK,0,1,CEBAKPA005,KP06,DI1,F302,CEBIH1PA02,CEBIHPA002
G,FK,0,1,CEPA07SPA1,KP13,DI4,F176,CEBIH1PA02,CEBIHPA002
G,FK,0,1,CEBAKPA005,HP15,DI1,F155,CEBIH1PA02,CEBIHPA002
G,SL,3,1,CEPA003H10,KP07,DI3,F31,CEPACONT01,CEPA003003
G,FK,1,1,CEPA003H10,KP22,DI3,F351,CEPACONT01,CE003PAMON
G,SL,1,1,CEPA003H10,KP22,DI3,F214,CEPACONT01,CE003PAMON
G,FK,2,1,CEPA07SPA1,KP13,DI4,F127,CEPACONT01,CEPA07SPA1
G,FK,1,1,CEPA07SPA1,KP13,DI4,F127,CEPACONT01,CE003PAMON
G,FK,1,1,CEBAKPA005,KP11,DI1,F410,CEPACONT01,CEBAKPA003
G,FK,0,1,CEPA07SAC2,JP06,DI4,F49,CEBIH1PA02,CEBIHPA002
B,SL,0,1,CEPA07SAC2,JP06,DI4,F49,CEBIH1PA02,CEBIHPA002
B,SL,0,1,CEPA07SAC1,KP11,DI4,F49,CEBIH1PA02,CEBIHPA002
G,FK,0,1,CEBAKPA005,KP13,DI1,F262,CEBIH1PA02,CEBIHPA002
G,FK,1,1,CEBAKPA003,KP13,DI3,F362,CEPACONT01,CE003PAMON
G,FK,1,1,CEPA07SPA1,KP13,DI4,F321,CEBAKPA005,CEPACONT01
G,FK,0,1,CEPA07SPA1,KP13,DI4,F162,CEBIH1PA02,CEBIHPA002
G,SL,0,1,CEPA07SPA1,KP13,DI4,F35,CEBIH1PA02,CEBIHPA002
G,SL,0,1,CEPA07SPA1,KP13,DI4,F270,CEBIH1PA02,CEBIHPA002
G,FK,0,1,CEPA07SAC2,JP06,DI4,F126,CEBIH1PA02,CEBIHPA002
G,FK,1,1,CEPA07SPA1,KP13,DI4,F429,CEPACONT01,CE003PAMON
G,FK,1,1,CEBAKPA005,KP11,DI1,F312,CEPACONT01,CE003PAMON
B,SL,2,1,CEBAKPA003,KP12,DI3,F395,CEPACONT01,CE003PAMON
G,SL,1,1,CEBAKPA005,KP13,DI1,F440,CEPACONT01,CEPA00301M
B,FK,0,1,CEBAKPA003,KP12,DI3,F99,CEBIH1PA02,CEBIHPA002
G,FK,0,1,CEPA07SPA1,KP13,DI4,F159,CEBIH1PA02,CEBIHPA002
G,SL,1,1,CEPA003H10,KP22,DI3,F288,CEPACONT01,CEPAVIG005
B,FK,3,1,CEPA003H10,KP22,DI3,F288,CEPACONT01,CEBAKPA005
G,FK,2,1,CEPA003H10,KP22,DI3,F288,CEPACONT01,CEBAKPA005
G,FK,0,1,CEPA07SAC1,KP13,DI4,F23,CEBIH1PA02,CEBIHPA002
B,SL,2,1,CEBAKPA003,KP11,DI3,F194,CEPACONT01,CEMMATREVB
B,SL,1,1,CEBAKPA003,KP11,DI3,F106,CEPACONT01,CEPA00301M
G,FK,0,1,CEBAKPA005,KP06,DI1,F260,CEBIH1PA02,CEBIHPA002
G,FK,0,1,CEBAKPA005,KP06,DI1,F439,CEBIH1PA02,CEBIHPA002
G,FK,0,1,CEPA07SPA1,KP13,DI4,F390,CEBIH1PA02,CEBIHPA002
G,FK,0,1,CEPA07SPA1,KP13,DI4,F402,CEBIH1PA02,CEBIHPA002
G,FK,2,1,CEBAKPA005,HP15,DI1,F230,CEPA05V01M,CEPACONT01
B,SL,1,1,CEBAKPA003,KP13,DI3,F100,CEPA003003,CEPACONT01
G,FK,1,1,CEPA003H40,KP22,DI3,F441,CEPA003V2M,CEPACONT01
G,FK,2,1,CEPA003H40,KP22,DI3,F441,CEPACONT01,CEPA07CMD1
B,FK,1,1,CEPA003003,HP16,DI4,F420,CEPACONT01,CEPA003003
B,FK,2,1,CEPA07SPA1,KP13,DI4,F83,CEPACONT01,CEPA07SPA1
B,SL,2,1,CEPA07SPA1,KP13,DI4,F83,CEPACONT01,CE045TMPA0
G,FK,2,1,CEBAKPA005,KP13,DI1,F227,CEPACONT01,CE045TMPA0
G,FK,1,1,CEBAKPA003,KP12,DI3,F155,CEPACONT01,CEBAKPA003
B,FK,5,1,CEBAKPA003,KP12,DI3,F155,CEPACONT01,CE003PAMON
G,SL,1,1,CEPA003003,KP13,DI4,F442,CEPACONT01,CEBAKPA003
B,FK,0,1,CEPA07SPA1,KP13,DI4,F195,CEBIH1PA02,CEBIHPA002
G,FK,0,1,CEBAKPA005,KP11,DI1,F171,CEBIH1PA02,CEBIHPA002
B,FK,0,1,CEBAKPA003,KP11,DI3,F426,CEBIH1PA02,CEBIHPA002
G,FK,1,1,CEPA07SAC2,KP13,DI4,F332,CEPACONT01,CEPA07SAC2
G,FK,1,1,CEPA07SAC2,KP13,DI4,F332,CEPACONT01,CEPA07SAC2
G,SL,2,1,CEPA07SAC1,KP13,DI4,F332,CEPACONT01,CE003PAMON
G,SL,2,1,CEPA07SAC1,KP13,DI4,F332,CEPACONT01,CEBAKPA005
G,FK,1,1,CEBAKPA005,HP15,DI1,F388,CEPACONT01,CE003PAMON
G,SL,2,1,CEBAKPA003,KP13,DI3,F372,CEPACONT01,CEPA00301M
G,FK,0,1,CEPA07SPA1,KP13,DI4,F163,CEBIH1PA02,CEBIHPA002
B,SL,0,1,CEPA07SPA1,KP13,DI4,F163,CEBIH1PA02,CEBIHPA002
G,FK,0,1,CEBAKPA005,KP06,DI1,F6,CEBIH1PA02,CEBIHPA002
B,FK,2,1,CEBAKPA003,KP13,DI3,F129,CEPACONT01,CEPA00308M
B,FK,0,1,CEPA003H10,KP18,DI3,F148,CEBIH1PA02,CEBIHPA002
G,FK,0,1,CEPA003H10,KP18,DI3,F148,CEBIH1PA02,CEBIHPA002
G,FK,0,1,CEPA003H10,KP18,DI3,F148,CEBIH1PA02,CEBIHPA002
B,SL,1,1,CEPA07SPA1,KP13,DI4,F286,CEPACONT01,CEPA07SAC1
G,FK,3,0,CEBAKPA003,KP12,DI3,F148,CEPACONT01,CEBAKPA003
G,FK,3,1,CEPA07SPA1,KP13,DI4,F271,CEBAKPA003,CEPACONT01
B,FK,0,1,CEPA07SPA1,KP13,DI4,F68,CEBIH1PA02,CEBIHPA002
B,FK,0,1,CEBAKPA005,KP12,DI1,F230,CEBIH1PA02,CEBIHPA002
B,FK,3,1,CEBAKPA003,KP13,DI3,F182,CEPACONT01,CEMMATREVB
B,FK,0,1,CEPA07SPA1,KP13,DI4,F437,CEBIH1PA02,CEBIHPA002
G,FK,0,1,CEPA003H40,KP22,DI3,F367,CEBIH1PA02,CEBIHPA002
G,FK,0,1,CEPA003H40,KP22,DI3,F367,CEBIH1PA02,CEBIHPA002
B,FK,0,1,CEPA003003,KP13,DI4,F422,CEBIH1PA02,CEBIHPA002
G,FK,0,2,CEBAKPA003,KP11,DI3,F70,CEPA00308M,CEBIH1PA02
B,FK,1,1,CEPA07SPA1,KP13,DI4,F215,CEPACONT01,CEPA00308M
G,FK,1,1,CEPA07SPA1,KP13,DI4,F215,CEPACONT01,CEPA00308M
G,FK,1,1,CEBAKPA005,KP11,DI1,F305,CEPACONT01,CEPA00308M
G,FK,1,1,CEBAKPA005,KP12,DI1,F63,CEPACONT01,CEPACONT01
B,FK,5,1,CEBAKPA003,KP13,DI3,F428,CEPACONT01,CEPA003003
B,SL,1,1,CEBAKPA003,KP13,DI3,F428,CEPACONT01,CEPA003003
G,FK,1,1,CEPA07SAC1,KP13,DI4,F236,CEPACONT01,CEMMATREVB
B,FK,1,1,CEBAKPA003,KP13,DI3,F336,CEPACONT01,CEPA00308M
B,FK,3,1,CEPA07SPA1,KP13,DI4,F44,CEPACONT01,CEPA00308M
B,FK,3,1,CEPA07SPA1,KP13,DI4,F44,CEPACONT01,CEPA00308M
G,SL,2,1,CEBAKPA005,HP15,DI1,F368,CEPACONT01,CEPA00308M
G,FK,0,1,CEPA07SAC2,JP06,DI4,F349,CEPACONT01,CRSTR0000P
G,FK,0,1,CEPA07SAC2,JP06,DI4,F349,CEPACONT01,CRSTR0000P
B,FK,1,1,CEBAKPA003,KP12,DI3,F228,CEPACONT01,CEPA00308M
B,FK,1,1,CEPA07SPA1,KP13,DI4,F331,CEPACONT01,CEPA00308M
B,FK,1,1,CEPA07SPA1,KP13,DI4,F423,CEPACONT01,CEPA003003
B,FK,3,1,CEPA07SPA1,KP13,DI4,F461,CEPACONT01,CEPA00308M
G,FK,1,1,CEPA003H10,KP18,DI3,F92,CEPACONT01,CE045TMPA0
G,FK,1,1,CEPA003H10,KP18,DI3,F92,CEPACONT01,CEPACONT01
G,FK,1,1,CEPA003H10,KP18,DI3,F92,CEPACONT01,CEPACONT01
G,FK,1,1,CEBAKPA005,KP11,DI1,F91,CEPACONT01,CEPA00301M
G,FK,2,1,CEPA07SAC2,HP16,DI4,F281,CEPACONT01,CEPA003003
B,FK,3,1,CEPA07SAC2,HP16,DI4,F460,CEPACONT01,CEPA003H10
G,FK,1,1,CEPA07SAC2,HP16,DI4,F183,CEPACONT01,CEPA00301M
G,FK,1,1,CEPA07SPA1,KP13,DI4,F211,CEPACONT01,CEPA00308M
G,FK,1,1,CEBAKPA005,HP15,DI1,F425,CEPACONT01,CEPA00307M
G,FK,1,1,CEPA003H40,KP22,DI3,F242,CEPACONT01,CEPA07SPA1
G,SL,2,1,CEPA003H40,KP22,DI3,F242,CEPACONT01,CEPA003003
G,FK,1,1,CEPA003003,HP16,DI4,F454,CEPACONT01,CEPA07SPA1
G,SL,0,1,CEBAKPA003,KP12,DI3,F47,CEBIH1PA02,CEBIHPA002
B,FK,0,1,CEBAKPA003,KP12,DI3,F47,CEBIH1PA02,CEBIHPA002
G,FK,0,1,CEPA07SPA1,KP13,DI4,F177,CEBIH1PA02,CEBIHPA002
B,FK,0,1,CEPA07SPA1,KP13,DI4,F177,CEBIH1PA02,CEBIHPA002
G,FK,0,1,CEBAKPA005,KP12,DI1,F405,CEBIH1PA02,CEBIHPA002
G,SL,1,1,CEBAKPA005,HP15,DI1,F231,CEPACONT01,CEBAKPA003
G,FK,1,1,CEBAKPA003,KP13,DI3,F78,CEPACONT01,CEBAKPA003
G,FK,2,1,CEBAKPA005,HP15,DI1,F221,CEPACONT01,CEBAKPA003
G,FK,0,1,CEPA003003,HP15,DI4,F229,CEBIH1PA02,CEBIHPA002
B,FK,0,1,CEPA003H40,KP22,DI3,F62,CEBIH1PA02,CEBIHPA002
B,FK,0,1,CEPA07SAC2,JP06,DI4,F467,CEBIH1PA02,CEBIHPA002
B,FK,0,1,CEBAKPA003,KP12,DI3,F72,CEBIH1PA02,CEBIHPA002
B,FK,0,1,CEPA07SAC2,JP06,DI4,F467,CEBIH1PA02,CEBIHPA002
B,FK,0,1,CEPA07SAC1,KP13,DI4,F467,CEBIH1PA02,CEBIHPA002
B,SL,0,1,CEPA07SAC1,KP13,DI4,F467,CEBIH1PA02,CEBIHPA002
B,SL,0,1,CEPA07SPA1,KP13,DI4,F217,CEBIH1PA02,CEBIHPA002
G,FK,0,1,CEPA07SPA1,KP13,DI4,F217,CEBIH1PA02,CEBIHPA002
G,FK,0,1,CEBAKPA005,HP15,DI1,F78,CEBIH1PA02,CEBIHPA002
G,FK,0,1,CEBAKPA005,KP12,DI1,F269,CEBIH1PA02,CEBIHPA002
B,FK,0,1,CEPA07SAC2,JP06,DI4,F224,CEPA003H40,CEBIH1PA02
G,FK,0,1,CEPA07SAC2,JP06,DI4,F59,CEBIH1PA02,CEBIHPA002
G,FK,0,1,CEPA07SAC2,JP06,DI4,F138,CEBIH1PA02,CEBIHPA002
G,FK,0,1,CEBAKPA005,KP12,DI1,F411,CEBIH1PA02,CEBIHPA002
B,FK,0,1,CEBAKPA003,KP11,DI3,F393,CEBIH1PA02,CEBIHPA002
G,SL,0,1,CEPA07SPA1,KP13,DI4,F393,CEBIH1PA02,CEBIHPA002
G,FK,0,1,CEPA003H40,KP22,DI3,F434,CEBIH1PA02,CEBIHPA002
G,FK,0,1,CEPA07SPA1,KP13,DI4,F224,CEBIH1PA02,CEBIHPA002
B,FK,0,1,CEBAKPA003,KP11,DI3,F434,CEBIH1PA02,CEBIHPA002
B,FK,0,1,CEBAKPA003,KP11,DI3,F80,CEBIH1PA02,CEBIHPA002
B,FK,0,1,CEPA07SAC1,KP11,DI4,F97,CEBIH1PA02,CEBIHPA002
G,FK,0,1,CEPA003H10,KP07,DI3,F404,CEBIH1PA02,CEBIHPA002
G,FK,0,1,CEPA003H10,KP07,DI3,F404,CEBIH1PA02,CEBIHPA002
G,FK,0,1,CEPA003H10,KP07,DI3,F404,CEBIH1PA02,CEBIHPA002
G,FK,0,1,CEBAKPA005,HP15,DI1,F304,CEBIH1PA02,CEBIHPA002
B,SL,3,1,CEBAKPA003,KP13,DI3,F397,CEPACONT01,CEPA07SPA1
G,FK,3,1,CEPA003H40,KP22,DI3,F20,CEPACONT01,CEPA00301M
G,FK,2,1,CEPA003H40,KP24,DI3,F357,CEPACONT01,CEBAKPA003
G,FK,3,1,CEPA003H40,KP24,DI3,F357,CEPACONT01,CEBAKPA005
B,FK,3,1,CEPA003003,KP13,DI4,F284,CEPACONT01,CEPA00301M
B,FK,1,1,CEPA07SPA1,KP13,DI4,F34,CEPACONT01,CEPA00301M
G,SL,0,1,CEPA07SPA1,KP13,DI4,F34,CEBIH1PA02,CEBIHPA002
G,FK,0,1,CEBAKPA005,KP06,DI1,F345,CEBIH1PA02,CEBIHPA002
G,FK,0,0,CEBAKPA003,KP12,DI3,F89,CEBIH1PA02,CEBIHPA002
B,FK,0,1,CEBAKPA003,KP12,DI3,F89,CEBIH1PA02,CEBIHPA002
B,SL,2,1,CEPA07SPA1,KP13,DI4,F407,CEPACONT01,CEPA00301M
G,FK,0,1,CEBAKPA005,KP06,DI1,F465,CEBIH1PA02,CEBIHPA002
B,FK,0,1,CEBAKPA003,KP13,DI3,F105,CEBIH1PA02,CEBIHPA002
G,FK,0,1,CEPA07SPA1,KP13,DI4,F292,CEBIH1PA02,CEBIHPA002
B,FK,0,1,CEPA07SPA1,KP13,DI4,F292,CEBIH1PA02,CEBIHPA002
G,FK,0,1,CEBAKPA005,KP06,DI1,F57,CEBIH1PA02,CEBIHPA002
B,SL,0,1,CEPA07SAC2,KP11,DI4,F434,CEBIH1PA02,CEBIHPA002
B,SL,0,1,CEPA07SAC2,KP11,DI4,F434,CEBIH1PA02,CEBIHPA002
G,FK,0,1,CEPA07SAC1,KP11,DI4,F434,CEBIH1PA02,CEBIHPA002
B,FK,0,1,CEPA07SAC1,KP11,DI4,F434,CEBIH1PA02,CEBIHPA002
G,FK,0,1,CEBAKPA005,KP11,DI1,F11,CEBIH1PA02,CEBIHPA002
G,FK,1,1,CEBAKPA003,KP13,DI3,F101,CEPA07SAC1,CEPACONT01
G,FK,2,1,CEBAKPA005,HP15,DI1,F179,CEPACONT01,CEPA00308M
G,FK,1,1,CEPA003H10,KP07,DI3,F456,CEPACONT01,CE003PAMON
G,FK,1,1,CEPA003H10,KP07,DI3,F456,CEPACONT01,CE003PAMON
G,FK,1,1,CEPA003H10,KP07,DI3,F456,CEPACONT01,CE003PAMON
G,FK,0,1,CEBAKPA005,KP11,DI1,F268,CEBIH1PA02,CEBIHPA002
G,FK,1,1,CEPA07SAC1,KP13,DI4,F340,CEPACONT01,CEBAKPA003
G,FK,1,1,CEPA003H40,KP22,DI3,F94,CEPA07SPA1,CEPACONT01
G,FK,1,1,CEPA003H40,KP22,DI3,F94,CEPAVIG005,CEPACONT01
B,FK,2,1,CEPA003003,KP13,DI5,F431,CEPACONT01,CEPA07MP01
B,FK,2,1,CEBAKPA003,KP11,DI3,F216,CEPACONT01,CEPA07MP01
B,FK,2,1,CEBAKPA003,KP11,DI3,F216,CEPACONT01,CEPA07MP01
G,FK,1,1,CEPA07SPA1,KP13,DI5,F343,CEPACONT01,CEPA003V2M
G,FK,1,1,CEPA07SPA1,KP13,DI5,F343,CEPACONT01,CEPA00308M
G,FK,2,1,CEBAKPA005,KP13,DI2,F413,CEPACONT01,CEPA07SAC1
B,FK,0,1,CEPA07SPA1,KP13,DI5,F87,CEBIH1PA02,CEBIHPA002
G,FK,0,1,CEPA003003,HP16,DI5,F1,CEPACONT01,CRSTR000PP
G,FK,0,1,CEPA003H40,KP22,DI3,F3,CEPACONT01,CRSTR000PP
G,FK,0,1,CEBAKPA003,KP11,DI3,F359,CEPACONT01,CRSTR000PP
B,FK,2,1,CEPA07SAC2,HP15,DI5,F341,CEPACONT01,CE003PAMON
G,FK,1,1,CEPA07SAC2,HP15,DI5,F341,CEPACONT01,CEPA07SAC2
B,FK,1,1,CEPA07SAC1,KP11,DI5,F341,CEPACONT01,CEPA07SAC1
G,FK,2,1,CEPA07SAC1,KP11,DI5,F341,CEPACONT01,CEPA07SAC1
G,FK,0,1,CEPA07SPA1,KP13,DI5,F2,CEPACONT01,CRSTR000PP
G,FK,0,1,CEPA07SPA1,KP13,DI5,F2,CEPACONT01,CRSTR000PP
G,FK,0,1,CEBAKPA005,HP15,DI2,F4,CEPACONT01,CRSTR000PP
G,SL,1,1,CEBAKPA005,HP15,DI2,F73,CEPACONT01,CEPA07MP01
G,FK,2,1,CEBAKPA003,KP12,DI3,F108,CEPA00307M,CEPACONT01
G,FK,0,1,CEBAKPA003,KP11,DI3,F5,CEPACONT01,CRSTR000PP
G,FK,1,1,CEPA07SAC2,HP15,DI5,F320,CEPA00308M,CEPACONT01
B,FK,1,1,CEPA07SPA1,KP13,DI5,F147,CEPACONT01,CEBAKPA003
G,FK,0,1,CEPA07SPA1,KP13,DI5,F185,CEBIH1PA02,CEBIHPA002
G,FK,1,1,CEPA003H10,KP07,DI3,F313,CEPACONT01,CEBAKPA005
G,FK,0,1,CEPA003H10,KP07,DI3,F313,CEPACONT01,CRSTR000PP
G,FK,0,1,CEPA003H10,KP07,DI3,F313,CEPACONT01,CRSTR000PP
B,FK,0,1,CEPA07SPA1,KP13,DI5,F180,CEBIH1PA02,CEBIHPA002
G,FK,1,1,CEPA003H40,KP22,DI3,F283,CEPACONT01,CEPAASH001
G,FK,0,1,CEPA003H40,KP22,DI3,F283,CEBIH1PA02,CEBIHPA002
G,FK,0,1,CEPA003003,KP20,DI5,F331,CEBIH1PA02,CEBIHPA002
G,SL,0,1,CEPA07SPA1,KP24,DI5,F81,CEBIH1PA02,CEBIHPA002
B,FK,0,1,CEPA07SPA1,KP24,DI5,F81,CEBIH1PA02,CEBIHPA002
G,FK,0,1,CEBAKPA005,KP12,DI2,F381,CEBIH1PA02,CEBIHPA002
G,FK,1,1,CEBAKPA003,KP13,DI3,F445,CEPACONT01,CEBAKPA005
B,FK,1,1,CEBAKPA003,KP13,DI3,F445,CEPACONT01,CEPA07CMD1
B,FK,3,1,CEBAKPA003,KP11,DI3,F414,CEPACONT01,CEPA003003
G,FK,0,0,CEPA07SAC2,JP06,DI5,F243,CEBIH1PA02,CEBIHPA002
B,FK,0,1,CEPA07SAC2,JP06,DI5,F243,CEBIH1PA02,CEBIHPA002
G,FK,1,0,CEPA07SAC1,KP13,DI5,F243,CE045TMPA0,CEPACONT01
B,FK,1,1,CEPA07SAC1,KP13,DI5,F243,CEPACONT01,CEPA003H10
G,SL,2,1,CEPA07SPA1,KP02,DI5,F24,CEPACONT01,CE003PAMON
G,FK,1,1,CEPA07SPA1,KP02,DI5,F24,CEPACONT01,CEPA00301M
G,FK,2,1,CEBAKPA005,HP15,DI2,F10,CEPACONT01,CEPA07SPA1
G,FK,0,1,CEBAKPA005,HP15,DI2,F218,CEBIH1PA02,CEBIHPA002
G,FK,4,1,CEPA07SAC2,JP06,DI5,F166,CEPACONT01,CEBAKPA003
