PAR_Total,Label,Recycle,EQP_ID1,EQP_ID2,EQP_ID3,RECIPE_ID3,EQP_ID4,MAINPD_ID_1,MAINPD_ID_2
112,G,0,KIN4,GMR7,GSP,DCLN2,KP20,R1,R9
104,G,0,KIN4,GMR7,GSP,DCLN2,KP20,R1,R9
166,G,0,KIN4,GMR7,GSP,DCLN2,KP20,R1,R9
61,G,0,KIN4,GMR7,GSP,DCLN2,KP20,R1,R9
113,G,0,KIN4,GMR7,GSP,DCLN2,KP20,R1,R9
92,G,0,KIN4,GMR7,GSP,DCLN2,KP20,R1,R9
101,G,0,KIN4,GMR7,GSP,DCLN2,KP20,R1,R9
65,G,0,KIN4,GMR7,GSP,DCLN2,KP20,R1,R9
126,G,0,KIN4,GMR7,GSP,DCLN2,KP20,R1,R9
144,G,0,KIN4,GMR7,GSP,DCLN2,KP20,R1,R9
68,G,0,KIN4,GMR7,GSP,DCLN2,KP20,R1,R9
62,G,0,KIN4,GMR7,GSP,DCLN2,KP20,R1,R9
239,G,0,KIN4,GMR7,GSP,DCLN2,KP20,R1,R9
201,G,0,KIN4,GMR7,GSP,DCLN2,KP20,R1,R9
59,G,0,KIN4,GMR7,GSP,DCLN2,KP20,R1,R9
73,G,0,KIN4,GMR7,GSP,DCLN2,KP20,R1,R9
94,G,0,KIN4,GMR7,GSP,DCLN2,KP20,R1,R9
130,G,0,KIN4,GMR7,GSP,DCLN2,KP20,R1,R9
172,G,0,KIN4,GMR7,GSP,DCLN2,KP20,R1,R12
52,G,0,KIN4,GMR7,GSP,DCLN2,KP20,R1,R9
91,G,0,KIN4,GMR7,GSP,DCLN2,KP20,R1,R9
1882,B,0,KIN4,GMR3,GSP,DCLN2,JP22,R2,R13
1756,B,0,KIN4,GMR3,GSP,DCLN2,JP22,R2,R13
38131,B,0,KIN4,GMR3,GSP,DCLN2,JP22,R2,R13
2265,B,0,KIN4,GMR3,GSP,DCLN2,JP22,R2,R13
1973,B,0,KIN4,GMR3,GSP,DCLN2,JP22,R2,R13
80321,B,0,KIN4,GMR3,GSP,DCLN2,JP22,R2,R13
58103,B,0,KIN4,GMR3,GSP,DCLN2,JP22,R2,R13
65388,B,0,KIN4,GMR3,GSP,DCLN2,JP22,R2,R13
1995,B,0,KIN4,GMR3,GSP,DCLN2,JP22,R2,R13
41308,B,0,KIN4,GMR3,GSP,DCLN2,JP22,R2,R13
6736,B,0,KIN4,GMR3,GSP,DCLN2,JP22,R2,R13
36220,B,0,KIN4,GMR3,GSP,DCLN2,JP22,R2,R4
1818,B,0,KIN4,GMR3,GSP,DCLN2,JP22,R2,R4
38476,B,0,KIN4,GMR3,GSP,DCLN2,JP22,R2,R4
1639,B,0,KIN4,GMR3,GSP,DCLN2,JP22,R2,R4
37948,B,0,KIN4,GMR3,GSP,DCLN2,JP22,R2,R4
1729,B,0,KIN4,GMR3,GSP,DCLN2,JP22,R2,R4
36357,B,0,KIN4,GMR3,GSP,DCLN2,JP22,R2,R4
1723,B,0,HIN2,GMR3,GSP,DCLN2,KP24,R2,R13
167,G,0,HIN2,GMR3,GSP,DCLN2,KP24,R2,R13
3431,B,0,HIN2,GMR3,GSP,DCLN2,KP24,R2,R13
3774,B,0,HIN2,GMR3,GSP,DCLN2,KP24,R2,R13
32881,B,0,HIN2,GMR3,GSP,DCLN2,KP24,R2,R13
17558,B,0,HIN2,GMR3,GSP,DCLN2,KP24,R2,R13
18903,B,0,HIN2,GMR3,GSP,DCLN2,KP24,R2,R13
20261,B,0,HIN2,GMR3,GSP,DCLN2,KP24,R2,R13
307,G,0,HIN2,GMR3,GSP,DCLN2,KP24,R2,R13
185,G,0,HIN2,GMR3,GSP,DCLN2,KP24,R2,R13
3117,B,0,HIN2,GMR3,GSP,DCLN2,KP24,R2,R13
15775,B,0,HIN2,GMR3,GSP,DCLN2,KP24,R2,R13
302,G,0,HIN2,GMR3,GSP,DCLN2,KP24,R2,R5
259,G,0,HIN2,GMR3,GSP,DCLN2,KP24,R2,R5
244,G,0,HIN2,GMR3,GSP,DCLN2,KP24,R2,R5
222,G,0,HIN2,GMR3,GSP,DCLN2,KP24,R2,R5
1180,B,0,HIN2,GMR3,GSP,DCLN2,KP24,R2,R5
1401,B,1,HIN4,GMR7,GSP,DCLN2,JP22,R2,R6
58,G,1,HIN4,GMR7,GSP,DCLN2,JP22,R2,R6
62,G,1,HIN4,GMR7,GSP,DCLN2,JP22,R2,R6
1480,B,1,HIN4,GMR7,GSP,DCLN2,JP22,R2,R6
1606,B,1,HIN4,GMR7,GSP,DCLN2,JP22,R2,R6
76,G,1,HIN4,GMR7,GSP,DCLN2,JP22,R2,R6
1919,B,2,HIN4,GMR7,GSP,DCLN2,JP22,R2,R6
68,G,1,HIN4,GMR7,GSP,DCLN2,JP22,R2,R6
52,G,1,HIN4,GMR7,GSP,DCLN2,JP22,R2,R6
1447,B,1,HIN4,GMR7,GSP,DCLN2,JP22,R2,R6
57,G,1,HIN4,GMR7,GSP,DCLN2,JP22,R2,R6
1453,B,1,HIN4,GMR7,GSP,DCLN2,JP22,R2,R6
77,G,2,HIN4,GMR7,GSP,DCLN2,JP22,R2,R6
1006,B,1,HIN4,GMR7,GSP,DCLN2,JP22,R2,R6
60,G,2,HIN4,GMR7,GSP,DCLN2,JP22,R2,R6
1566,B,1,HIN4,GMR7,GSP,DCLN2,JP22,R2,R6
1343,B,1,HIN4,GMR7,GSP,DCLN2,JP22,R2,R6
79,G,2,HIN4,GMR7,GSP,DCLN2,JP22,R2,R6
59,G,2,HIN4,GMR7,GSP,DCLN2,JP22,R2,R6
1506,B,1,HIN4,GMR7,GSP,DCLN2,JP22,R2,R6
1723,B,1,HIN4,GMR7,GSP,DCLN2,JP22,R2,R6
102,G,2,HIN4,GMR7,GSP,DCLN2,JP22,R2,R6
519,G,1,HIN4,GMR3,GSP,DCLN2,KP10,R2,R6
737,G,1,HIN4,GMR3,GSP,DCLN2,KP10,R2,R6
643,G,1,HIN4,GMR3,GSP,DCLN2,KP10,R2,R6
783,G,1,HIN4,GMR3,GSP,DCLN2,KP10,R2,R6
684,G,1,HIN4,GMR3,GSP,DCLN2,KP10,R2,R6
805,G,1,HIN4,GMR3,GSP,DCLN2,KP10,R2,R6
592,G,1,HIN4,GMR3,GSP,DCLN2,KP10,R2,R6
951,B,1,HIN4,GMR3,GSP,DCLN2,KP10,R2,R6
759,G,1,HIN4,GMR3,GSP,DCLN2,KP10,R2,R6
863,G,1,HIN4,GMR3,GSP,DCLN2,KP10,R2,R6
1034,B,1,HIN4,GMR3,GSP,DCLN2,KP10,R2,R6
925,B,1,HIN4,GMR3,GSP,DCLN2,KP10,R2,R6
697,G,1,HIN4,GMR3,GSP,DCLN2,KP10,R2,R6
1121,B,1,HIN4,GMR3,GSP,DCLN2,KP10,R2,R6
668,G,1,HIN4,GMR3,GSP,DCLN2,KP10,R2,R6
634,G,1,HIN4,GMR3,GSP,DCLN2,KP10,R2,R6
964,B,1,HIN4,GMR3,GSP,DCLN2,KP10,R2,R6
1412,B,1,HIN4,GMR3,GSP,DCLN2,KP10,R2,R6
558,G,0,HIN4,GMR3,GSP,DCLN2,KP10,R2,R5
6825,B,0,HIN2,GMR3,GSP,DCLN2,JP22,R2,R13
15619,B,0,HIN2,GMR3,GSP,DCLN2,JP22,R2,R13
911,B,0,HIN2,GMR3,GSP,DCLN2,JP22,R2,R13
15494,B,0,HIN2,GMR3,GSP,DCLN2,JP22,R2,R13
921,B,0,HIN2,GMR3,GSP,DCLN2,JP22,R2,R13
17358,B,0,HIN2,GMR3,GSP,DCLN2,JP22,R2,R13
902,B,0,HIN2,GMR3,GSP,DCLN2,JP22,R2,R13
13847,B,0,HIN2,GMR3,GSP,DCLN2,JP22,R2,R13
844,G,0,HIN2,GMR3,GSP,DCLN2,JP22,R2,R13
13522,B,0,HIN2,GMR3,GSP,DCLN2,JP22,R2,R13
893,G,0,HIN2,GMR3,GSP,DCLN2,JP22,R2,R13
13780,B,0,HIN2,GMR3,GSP,DCLN2,JP22,R2,R13
895,G,0,HIN2,GMR3,GSP,DCLN2,JP22,R2,R13
14021,B,0,HIN2,GMR3,GSP,DCLN2,JP22,R2,R13
949,B,0,HIN2,GMR3,GSP,DCLN2,JP22,R2,R13
13144,B,0,HIN2,GMR3,GSP,DCLN2,JP22,R2,R13
1664,B,0,HIN2,GMR3,GSP,DCLN2,JP22,R2,R13
12616,B,0,HIN2,GMR3,GSP,DCLN2,JP22,R2,R13
827,G,0,HIN2,GMR3,GSP,DCLN2,JP22,R2,R13
13934,B,0,HIN2,GMR3,GSP,DCLN2,JP22,R2,R13
967,B,0,HIN2,GMR3,GSP,DCLN2,JP22,R2,R13
12620,B,0,HIN2,GMR3,GSP,DCLN2,JP22,R2,R13
896,G,0,HIN2,GMR3,GSP,DCLN2,JP22,R2,R13
13306,B,0,HIN2,GMR3,GSP,DCLN2,JP22,R2,R13
951,B,0,KIN4,GMR7,GSP,DCLN2,KP04,R2,R4
118,G,0,KIN4,GMR7,GSP,DCLN2,KP04,R2,R4
929,B,0,KIN4,GMR7,GSP,DCLN2,KP04,R2,R4
1025,B,0,KIN4,GMR7,GSP,DCLN2,KP04,R2,R4
115,G,0,KIN4,GMR7,GSP,DCLN2,KP04,R2,R4
767,G,0,KIN4,GMR7,GSP,DCLN2,KP04,R2,R4
100,G,0,KIN4,GMR7,GSP,DCLN2,KP04,R2,R4
1275,B,0,KIN4,GMR7,GSP,DCLN2,KP04,R2,R4
201,G,0,KIN4,GMR7,GSP,DCLN2,KP04,R2,R4
853,G,0,KIN4,GMR7,GSP,DCLN2,KP04,R2,R4
79,G,0,KIN4,GMR7,GSP,DCLN2,KP04,R2,R4
941,B,0,KIN4,GMR7,GSP,DCLN2,KP04,R2,R4
98,G,0,KIN4,GMR7,GSP,DCLN2,KP04,R2,R5
1002,B,0,KIN4,GMR7,GSP,DCLN2,KP04,R2,R5
92,G,0,KIN4,GMR7,GSP,DCLN2,KP04,R2,R5
1194,B,0,KIN4,GMR7,GSP,DCLN2,KP04,R2,R5
1434,B,0,KIN4,GMR7,GSP,DCLN2,KP04,R2,R5
103,G,0,KIN4,GMR7,GSP,DCLN2,KP04,R2,R5
1308,B,0,KIN4,GMR7,GSP,DCLN2,KP04,R2,R5
1032,B,0,KIN4,GMR7,GSP,DCLN2,KP04,R2,R5
144,G,0,KIN4,GMR7,GSP,DCLN2,KP04,R2,R5
99,G,0,KIN4,GMR7,GSP,DCLN2,KP04,R2,R5
862,G,0,KIN4,GMR7,GSP,DCLN2,KP04,R2,R5
142,G,0,HIN2,GMR3,GSS,DCLN2,KP19,R1,R9
164,G,0,HIN2,GMR3,GSS,DCLN2,KP19,R1,R9
205,G,0,HIN2,GMR3,GSS,DCLN2,KP19,R2,R13
242,G,0,HIN2,GMR3,GSS,DCLN2,KP19,R2,R13
45658,B,0,HIN2,GMR3,GSS,DCLN2,KP19,R2,R13
473,G,0,HIN2,GMR3,GSS,DCLN2,KP19,R2,R13
199,G,0,HIN2,GMR3,GSS,DCLN2,KP19,R2,R13
37216,B,0,HIN2,GMR3,GSS,DCLN2,KP19,R2,R13
43781,B,0,HIN1,GMR3,GSP,DCLN2,JP22,R2,R13
3627,B,0,HIN1,GMR3,GSP,DCLN2,JP22,R2,R13
74394,B,0,HIN1,GMR3,GSP,DCLN2,JP22,R2,R13
9966,B,0,HIN1,GMR3,GSP,DCLN2,JP22,R2,R13
33470,B,0,HIN1,GMR3,GSP,DCLN2,JP22,R2,R13
31058,B,0,HIN1,GMR3,GSP,DCLN2,JP22,R2,R13
2696,B,0,HIN1,GMR3,GSP,DCLN2,JP22,R2,R13
8916,B,0,HIN1,GMR3,GSP,DCLN2,JP22,R2,R13
3316,B,0,HIN1,GMR3,GSP,DCLN2,JP22,R2,R13
34314,B,0,HIN1,GMR3,GSP,DCLN2,JP22,R2,R13
31144,B,0,HIN1,GMR3,GSP,DCLN2,JP22,R2,R13
22812,B,0,HIN1,GMR3,GSP,DCLN2,JP22,R2,R13
40145,B,0,HIN1,GMR3,GSP,DCLN2,JP22,R2,R13
28795,B,0,HIN1,GMR3,GSP,DCLN2,JP22,R2,R13
396,G,0,HIN4,GMR3,GSS,DCLN2,KP17,R1,R11
2010,B,0,HIN4,GMR3,GSS,DCLN2,KP17,R1,R11
2177,B,0,HIN4,GMR3,GSS,DCLN2,KP17,R1,R12
474,G,0,HIN4,GMR3,GSS,DCLN2,KP17,R1,R11
2904,B,0,HIN4,GMR3,GSS,DCLN2,KP17,R1,R8
809,G,0,HIN4,GMR3,GSS,DCLN2,KP17,R1,R12
3518,B,0,HIN4,GMR3,GSS,DCLN2,KP17,R1,R11
239,G,0,HIN4,GMR3,GSS,DCLN2,KP17,R2,R1
669,G,0,HIN4,GMR3,GSS,DCLN2,KP17,R2,R1
8826,B,0,HIN4,GMR3,GSS,DCLN2,KP17,R2,R13
422,G,0,HIN4,GMR3,GSS,DCLN2,KP17,R2,R13
2057,B,0,HIN4,GMR3,GSS,DCLN2,KP17,R2,R1
2528,B,0,HIN4,GMR3,GSS,DCLN2,KP17,R2,R1
402,G,0,HIN4,GMR3,GSS,DCLN2,KP17,R2,R1
3553,B,0,HIN4,GMR3,GSS,DCLN2,KP17,R2,R1
167,G,1,HIN1,GMR7,GSS,DCLN2,JP22,R2,R6
63,G,1,HIN1,GMR7,GSS,DCLN2,JP22,R2,R6
175,G,1,HIN1,GMR7,GSS,DCLN2,JP22,R2,R6
208,G,1,HIN1,GMR7,GSS,DCLN2,JP22,R2,R6
219,G,1,HIN1,GMR7,GSS,DCLN2,JP22,R2,R6
74,G,1,HIN1,GMR7,GSS,DCLN2,JP22,R2,R6
231,G,1,HIN1,GMR7,GSS,DCLN2,JP22,R2,R6
287,G,1,HIN1,GMR7,GSS,DCLN2,JP22,R2,R6
53,G,1,HIN1,GMR7,GSS,DCLN2,JP22,R2,R6
301,G,1,HIN1,GMR7,GSS,DCLN2,JP22,R2,R6
64,G,1,HIN1,GMR7,GSS,DCLN2,JP22,R2,R6
304,G,1,HIN1,GMR7,GSS,DCLN2,JP22,R2,R6
13725,B,1,HIN1,GMR7,GSS,DCLN2,JP22,R2,R6
53,G,1,HIN1,GMR7,GSS,DCLN2,JP22,R2,R6
338,G,1,HIN1,GMR7,GSS,DCLN2,JP22,R2,R6
92,G,1,HIN1,GMR7,GSS,DCLN2,JP22,R2,R6
368,G,1,HIN1,GMR7,GSS,DCLN2,JP22,R2,R6
111,G,1,HIN1,GMR7,GSS,DCLN2,JP22,R2,R6
471,G,1,HIN1,GMR7,GSS,DCLN2,JP22,R2,R6
70,G,1,HIN1,GMR7,GSS,DCLN2,JP22,R2,R6
52,G,1,HIN1,GMR7,GSS,DCLN2,JP22,R2,R6
349,G,1,HIN1,GMR7,GSS,DCLN2,JP22,R2,R6
1664,B,1,HIN1,GMR7,GSS,DCLN2,JP22,R2,R6
468,G,0,HIN1,GMR3,GSP,DCLN2,KP10,R2,R13
187,G,0,HIN1,GMR3,GSP,DCLN2,KP10,R2,R13
66,G,0,HIN1,GMR3,GSP,DCLN2,KP10,R2,R13
2703,B,0,HIN1,GMR3,GSP,DCLN2,KP10,R2,R13
2111,B,0,HIN1,GMR3,GSP,DCLN2,KP10,R2,R13
4012,B,0,HIN1,GMR3,GSP,DCLN2,KP10,R2,R13
1013,B,0,HIN1,GMR3,GSP,DCLN2,KP10,R2,R13
3293,B,0,HIN1,GMR3,GSP,DCLN2,KP10,R2,R13
2413,B,0,HIN1,GMR3,GSP,DCLN2,KP10,R2,R13
6032,B,0,HIN1,GMR3,GSP,DCLN2,KP10,R2,R13
2379,B,0,HIN1,GMR3,GSP,DCLN2,KP10,R2,R13
5811,B,0,HIN1,GMR3,GSP,DCLN2,KP10,R2,R13
71,G,0,HIN1,GMR3,GSP,DCLN2,KP10,R2,R13
200,G,0,HIN1,GMR3,GSP,DCLN2,KP10,R2,R13
80,G,0,HIN1,GMR3,GSP,DCLN2,KP10,R2,R13
1960,B,0,HIN1,GMR3,GSP,DCLN2,KP10,R2,R13
535,G,0,HIN1,GMR3,GSP,DCLN2,KP10,R2,R13
1967,B,0,HIN1,GMR3,GSP,DCLN2,KP10,R2,R13
72,G,0,HIN1,GMR3,GSP,DCLN2,KP10,R2,R13
2185,B,0,HIN1,GMR3,GSP,DCLN2,KP10,R2,R13
1648,B,0,HIN1,GMR3,GSP,DCLN2,KP10,R2,R13
276,G,0,HIN1,GMR3,GSP,DCLN2,KP10,R2,R13
795,G,0,HIN1,GMR3,GSP,DCLN2,KP10,R2,R13
251,G,0,HIN1,GMR3,GSP,DCLN2,KP10,R2,R13
92,G,0,HIN1,GMR3,GSP,DCLN2,KP10,R2,R13
3909,B,0,HIN2,GMR3,GSP,DCLN2,KP19,R2,R13
9507,B,0,HIN2,GMR3,GSP,DCLN2,KP19,R2,R13
8580,B,0,HIN2,GMR3,GSP,DCLN2,KP19,R2,R13
39291,B,0,HIN2,GMR3,GSP,DCLN2,KP19,R2,R13
8865,B,0,HIN2,GMR3,GSP,DCLN2,KP19,R2,R13
27088,B,0,HIN2,GMR3,GSP,DCLN2,KP19,R2,R13
4985,B,0,HIN2,GMR3,GSP,DCLN2,KP19,R2,R13
17563,B,0,HIN2,GMR3,GSP,DCLN2,KP19,R2,R13
15320,B,0,HIN2,GMR3,GSP,DCLN2,KP19,R2,R13
7048,B,0,HIN2,GMR3,GSP,DCLN2,KP19,R2,R13
7386,B,0,HIN2,GMR3,GSP,DCLN2,KP19,R2,R13
123208,B,0,HIN2,GMR3,GSP,DCLN2,KP19,R2,R13
7167,B,0,HIN2,GMR3,GSP,DCLN2,KP19,R2,R1
1987,B,0,HIN4,GMR3,GSS,DCLN2,KP04,R1,R11
2789,B,0,HIN4,GMR3,GSS,DCLN2,KP04,R1,R12
2011,B,0,HIN4,GMR3,GSS,DCLN2,KP04,R1,R7
2223,B,0,HIN4,GMR3,GSS,DCLN2,KP04,R1,R12
2700,B,0,HIN4,GMR3,GSS,DCLN2,KP04,R1,R12
3447,B,0,HIN4,GMR3,GSS,DCLN2,KP04,R1,R10
4026,B,0,HIN4,GMR3,GSS,DCLN2,KP04,R1,R9
3438,B,0,HIN4,GMR3,GSS,DCLN2,KP04,R1,R9
2452,B,0,HIN4,GMR3,GSS,DCLN2,KP04,R1,R11
2159,B,0,HIN4,GMR3,GSS,DCLN2,KP04,R1,R9
2240,B,0,HIN4,GMR3,GSS,DCLN2,KP04,R1,R9
7969,B,0,HIN2,GMR3,GSS,DCLN2,JP22,R2,R13
35212,B,0,HIN2,GMR3,GSS,DCLN2,JP22,R2,R13
4422,B,0,HIN2,GMR3,GSS,DCLN2,JP22,R2,R13
37286,B,0,HIN2,GMR3,GSS,DCLN2,JP22,R2,R13
5135,B,0,HIN2,GMR3,GSS,DCLN2,JP22,R2,R13
36157,B,0,HIN2,GMR3,GSS,DCLN2,JP22,R2,R13
5546,B,0,HIN2,GMR3,GSS,DCLN2,JP22,R2,R13
40683,B,0,HIN2,GMR3,GSS,DCLN2,JP22,R2,R13
7900,B,0,HIN2,GMR3,GSS,DCLN2,JP22,R2,R13
41414,B,0,HIN2,GMR3,GSS,DCLN2,JP22,R2,R13
9996,B,0,HIN2,GMR3,GSS,DCLN2,JP22,R2,R13
76084,B,0,HIN2,GMR3,GSS,DCLN2,JP22,R2,R13
40188,B,0,HIN2,GMR3,GSS,DCLN2,JP22,R2,R13
39626,B,0,HIN2,GMR3,GSS,DCLN2,JP22,R2,R13
6906,B,0,HIN2,GMR3,GSS,DCLN2,JP22,R2,R13
41483,B,0,HIN2,GMR3,GSS,DCLN2,JP22,R2,R13
6573,B,0,HIN2,GMR3,GSS,DCLN2,JP22,R2,R13
98185,B,0,HIN2,GMR3,GSS,DCLN2,JP22,R2,R13
11193,B,0,HIN2,GMR3,GSS,DCLN2,JP22,R2,R13
13643,B,0,HIN2,GMR3,GSS,DCLN2,JP22,R2,R13
38089,B,0,HIN2,GMR3,GSS,DCLN2,JP22,R2,R13
6866,B,0,HIN2,GMR3,GSS,DCLN2,JP22,R2,R13
38699,B,0,HIN2,GMR3,GSS,DCLN2,JP22,R2,R13
89,G,1,HIN1,GMR7,GSP,DCLN2,HP16,R2,R6
60,G,1,HIN1,GMR7,GSP,DCLN2,HP16,R2,R6
113,G,1,HIN1,GMR7,GSP,DCLN2,HP16,R2,R6
135,G,1,HIN1,GMR7,GSP,DCLN2,HP16,R2,R6
63,G,1,HIN1,GMR7,GSP,DCLN2,HP16,R2,R6
102,G,1,HIN1,GMR7,GSP,DCLN2,HP16,R2,R6
119,G,1,HIN1,GMR7,GSP,DCLN2,HP16,R2,R6
393,G,1,HIN1,GMR7,GSP,DCLN2,HP16,R2,R6
51,G,1,HIN1,GMR7,GSP,DCLN2,HP16,R2,R6
59,G,1,HIN1,GMR7,GSP,DCLN2,HP16,R2,R6
107,G,1,HIN1,GMR7,GSP,DCLN2,HP16,R2,R6
119,G,1,HIN1,GMR7,GSP,DCLN2,HP16,R2,R6
45,G,1,HIN1,GMR7,GSP,DCLN2,HP16,R2,R6
70,G,1,HIN1,GMR7,GSP,DCLN2,HP16,R2,R6
831,G,1,HIN1,GMR7,GSP,DCLN2,HP16,R2,R6
150,G,1,HIN1,GMR7,GSP,DCLN2,HP16,R2,R6
77,G,1,HIN1,GMR7,GSP,DCLN2,HP16,R2,R6
67,G,1,HIN1,GMR7,GSP,DCLN2,HP16,R2,R6
89,G,2,HIN1,GMR7,GSP,DCLN2,HP16,R2,R6
104,G,1,HIN1,GMR7,GSP,DCLN2,HP16,R2,R6
63,G,1,HIN1,GMR7,GSP,DCLN2,HP16,R2,R6
60,G,1,HIN1,GMR7,GSP,DCLN2,HP16,R2,R6
17499,B,0,HIN1,GMR3,GSP,DCLN2,JP22,R2,R4
1706,B,0,HIN1,GMR3,GSP,DCLN2,JP22,R2,R4
16814,B,0,HIN1,GMR3,GSP,DCLN2,JP22,R2,R4
266,G,0,HIN1,GMR3,GSP,DCLN2,JP22,R2,R4
18832,B,0,HIN1,GMR3,GSP,DCLN2,JP22,R2,R4
24027,B,0,HIN1,GMR3,GSP,DCLN2,JP22,R2,R13
583,G,0,HIN1,GMR3,GSP,DCLN2,JP22,R2,R13
30313,B,0,HIN1,GMR3,GSP,DCLN2,JP22,R2,R13
20645,B,0,HIN1,GMR3,GSP,DCLN2,JP22,R2,R4
78,G,0,HIN1,GMR3,GSP,DCLN2,JP22,R2,R4
19231,B,0,HIN1,GMR3,GSP,DCLN2,JP22,R2,R4
82212,B,0,HIN1,GMR3,GSP,DCLN2,JP22,R2,R13
23214,B,0,HIN1,GMR3,GSP,DCLN2,JP22,R2,R5
5281,B,0,HIN1,GMR3,GSP,DCLN2,JP22,R2,R13
23642,B,0,HIN1,GMR3,GSP,DCLN2,JP22,R2,R1
690,G,0,HIN1,GMR3,GSP,DCLN2,JP22,R2,R13
24162,B,0,HIN1,GMR3,GSP,DCLN2,JP22,R2,R13
48047,B,0,HIN1,GMR3,GSP,DCLN2,JP22,R2,R13
24696,B,0,HIN1,GMR3,GSP,DCLN2,JP22,R2,R4
56,G,0,HIN1,GMR3,GSP,DCLN2,JP22,R2,R4
201,G,0,HIN1,GMR3,GSP,DCLN2,JP22,R2,R13
106593,B,0,HIN1,GMR3,GSP,DCLN2,JP22,R2,R13
168,G,0,HIN1,GMR3,GSP,DCLN2,JP22,R2,R1
606,G,1,HIN1,GMR3,GSP,DCLN2,JP22,R2,R6
16147,B,1,HIN1,GMR3,GSP,DCLN2,JP22,R2,R6
200,G,1,HIN1,GMR3,GSP,DCLN2,JP22,R2,R6
18935,B,1,HIN1,GMR3,GSP,DCLN2,JP22,R2,R6
171,G,1,HIN1,GMR3,GSP,DCLN2,JP22,R2,R6
16972,B,1,HIN1,GMR3,GSP,DCLN2,JP22,R2,R6
95,G,1,HIN1,GMR3,GSP,DCLN2,JP22,R2,R6
19865,B,1,HIN1,GMR3,GSP,DCLN2,JP22,R2,R6
121,G,1,HIN1,GMR3,GSP,DCLN2,JP22,R2,R6
22567,B,1,HIN1,GMR3,GSP,DCLN2,JP22,R2,R6
93,G,1,HIN1,GMR3,GSP,DCLN2,JP22,R2,R6
22070,B,1,HIN1,GMR3,GSP,DCLN2,JP22,R2,R6
322,G,1,HIN1,GMR3,GSP,DCLN2,JP22,R2,R6
22519,B,1,HIN1,GMR3,GSP,DCLN2,JP22,R2,R6
79,G,1,HIN1,GMR3,GSP,DCLN2,JP22,R2,R6
23667,B,1,HIN1,GMR3,GSP,DCLN2,JP22,R2,R6
94,G,1,HIN1,GMR3,GSP,DCLN2,JP22,R2,R6
23199,B,1,HIN1,GMR3,GSP,DCLN2,JP22,R2,R6
74,G,1,HIN1,GMR3,GSP,DCLN2,JP22,R2,R6
23571,B,1,HIN1,GMR3,GSP,DCLN2,JP22,R2,R6
78,G,1,HIN1,GMR3,GSP,DCLN2,JP22,R2,R6
23602,B,1,HIN1,GMR3,GSP,DCLN2,JP22,R2,R6
79,G,0,HIN4,GMR7,GSE,DCLN1,HP16,R2,R5
128,G,0,HIN4,GMR7,GSE,DCLN1,HP16,R2,R5
81,G,0,HIN4,GMR7,GSE,DCLN1,HP16,R2,R5
465,G,0,HIN4,GMR7,GSE,DCLN1,HP16,R2,R5
111,G,0,HIN4,GMR7,GSE,DCLN1,HP16,R2,R5
9569,B,0,HIN4,GMR7,GSE,DCLN1,HP16,R2,R5
95,G,0,HIN4,GMR7,GSE,DCLN1,HP16,R2,R5
129,G,0,HIN4,GMR7,GSE,DCLN1,HP16,R2,R5
564,G,0,HIN4,GMR7,GSE,DCLN1,HP16,R2,R5
125,G,0,HIN4,GMR7,GSE,DCLN1,HP16,R2,R5
181,G,0,HIN4,GMR7,GSE,DCLN1,HP16,R2,R4
85,G,0,HIN4,GMR7,GSE,DCLN1,HP16,R2,R4
97,G,0,HIN4,GMR7,GSE,DCLN1,HP16,R2,R4
176,G,0,HIN4,GMR7,GSE,DCLN1,HP16,R2,R13
259,G,0,HIN4,GMR7,GSE,DCLN1,HP16,R2,R13
104308,B,0,HIN4,GMR7,GSE,DCLN1,HP16,R2,R1
130,G,0,HIN4,GMR7,GSE,DCLN1,HP16,R2,R5
89,G,0,HIN4,GMR7,GSE,DCLN1,HP16,R2,R5
149,G,0,HIN4,GMR7,GSE,DCLN1,HP16,R2,R5
12654,B,0,HIN2,GMR7,JSG1,DCLN1,JP22,R2,R13
8166,B,0,HIN2,GMR7,JSG1,DCLN1,JP22,R2,R13
52661,B,0,HIN2,GMR7,JSG1,DCLN1,JP22,R2,R13
680,G,0,HIN2,GMR7,JSG1,DCLN1,JP22,R2,R13
2756,B,0,HIN2,GMR7,JSG1,DCLN1,JP22,R2,R13
66066,B,0,HIN2,GMR7,JSG1,DCLN1,JP22,R2,R13
19388,B,0,HIN2,GMR7,JSG1,DCLN1,JP22,R2,R13
626,G,0,HIN2,GMR7,JSG1,DCLN1,JP22,R2,R1
105,G,0,HIN2,GMR7,JSG1,DCLN1,JP22,R2,R1
496,G,0,HIN2,GMR7,JSG1,DCLN1,JP22,R2,R1
1187,B,0,HIN2,GMR7,JSG1,DCLN1,JP22,R2,R13
4503,B,0,HIN2,GMR7,JSG1,DCLN1,JP22,R2,R13
35501,B,0,HIN2,GMR7,JSG1,DCLN1,JP22,R2,R13
446,G,0,HIN2,GMR7,JSG1,DCLN1,JP22,R2,R13
4566,B,0,HIN2,GMR7,JSG1,DCLN1,JP22,R2,R13
18546,B,0,HIN2,GMR7,JSG1,DCLN1,JP22,R2,R13
149,G,0,HIN2,GMR7,JSG1,DCLN1,JP22,R2,R13
510,G,0,HIN2,GMR7,JSG1,DCLN1,JP22,R2,R13
8883,B,0,HIN2,GMR7,JSG1,DCLN1,JP22,R2,R13
125,G,0,HIN2,GMR7,JSG1,DCLN1,JP22,R2,R13
41749,B,0,HIN2,GMR7,JSG1,DCLN1,JP22,R2,R13
84,G,1,HIN1,GMR7,JSG1,DCLN1,JP22,R2,R6
329,G,2,HIN1,GMR7,JSG1,DCLN1,JP22,R2,R6
71,G,2,HIN1,GMR7,JSG1,DCLN1,JP22,R2,R6
273,G,1,HIN1,GMR7,JSG1,DCLN1,JP22,R2,R6
90,G,1,HIN1,GMR7,JSG1,DCLN1,JP22,R2,R6
315,G,1,HIN1,GMR7,JSG1,DCLN1,JP22,R2,R6
72,G,1,HIN1,GMR7,JSG1,DCLN1,JP22,R2,R6
650,G,1,HIN1,GMR7,JSG1,DCLN1,JP22,R2,R6
346,G,1,HIN1,GMR7,JSG1,DCLN1,JP22,R2,R6
77,G,1,HIN1,GMR7,JSG1,DCLN1,JP22,R2,R6
484,G,1,HIN1,GMR7,JSG1,DCLN1,JP22,R2,R6
75,G,1,HIN1,GMR7,JSG1,DCLN1,JP22,R2,R6
432,G,1,HIN1,GMR7,JSG1,DCLN1,JP22,R2,R6
29116,B,1,HIN1,GMR7,JSG1,DCLN1,JP22,R2,R6
486,G,1,HIN1,GMR7,JSG1,DCLN1,JP22,R2,R6
97,G,1,HIN1,GMR7,JSG1,DCLN1,JP22,R2,R6
432,G,1,HIN1,GMR7,JSG1,DCLN1,JP22,R2,R6
390,G,1,HIN1,GMR7,JSG1,DCLN1,JP22,R2,R6
71,G,1,HIN1,GMR7,JSG1,DCLN1,JP22,R2,R6
84,G,1,HIN1,GMR7,JSG1,DCLN1,JP22,R2,R6
332,G,1,HIN1,GMR7,JSG1,DCLN1,JP22,R2,R6
229,G,1,HIN4,GMR3,GSP,DCLN2,KP27,R2,R6
947,B,1,HIN4,GMR3,GSP,DCLN2,KP27,R2,R6
1494,B,1,HIN4,GMR3,GSP,DCLN2,KP27,R2,R6
272,G,1,HIN4,GMR3,GSP,DCLN2,KP27,R2,R6
134,G,1,HIN4,GMR3,GSP,DCLN2,KP27,R2,R6
205,G,1,HIN4,GMR3,GSP,DCLN2,KP27,R2,R6
100,G,1,HIN4,GMR3,GSP,DCLN2,KP27,R2,R6
297,G,1,HIN4,GMR3,GSP,DCLN2,KP27,R2,R6
82,G,1,HIN4,GMR3,GSP,DCLN2,KP27,R2,R6
275,G,1,HIN4,GMR3,GSP,DCLN2,KP27,R2,R6
102,G,1,HIN4,GMR3,GSP,DCLN2,KP27,R2,R6
84,G,1,HIN4,GMR3,GSP,DCLN2,KP27,R2,R6
284,G,1,HIN4,GMR3,GSP,DCLN2,KP27,R2,R6
94,G,1,HIN4,GMR3,GSP,DCLN2,KP27,R2,R6
187,G,1,HIN4,GMR3,GSP,DCLN2,KP27,R2,R6
99,G,1,HIN4,GMR3,GSP,DCLN2,KP27,R2,R6
306,G,1,HIN4,GMR3,GSP,DCLN2,KP27,R2,R6
84,G,1,HIN4,GMR3,GSP,DCLN2,KP27,R2,R6
757,G,1,HIN4,GMR3,GSP,DCLN2,KP27,R2,R6
96,G,1,HIN4,GMR3,GSP,DCLN2,KP27,R2,R6
333,G,1,HIN4,GMR3,GSP,DCLN2,KP27,R2,R6
68,G,1,HIN4,GMR3,GSP,DCLN2,KP27,R2,R6
223,G,1,HIN4,GMR3,GSP,DCLN2,KP27,R2,R6
5395,B,1,HIN2,GMR3,JSG1,DCLN1,JP22,R2,R6
82,G,1,HIN2,GMR3,JSG1,DCLN1,JP22,R2,R6
4852,B,1,HIN2,GMR3,JSG1,DCLN1,JP22,R2,R6
124,G,1,HIN2,GMR3,JSG1,DCLN1,JP22,R2,R6
4737,B,2,HIN2,GMR3,JSG1,DCLN1,JP22,R2,R6
34622,B,1,HIN2,GMR3,JSG1,DCLN1,JP22,R2,R6
5025,B,1,HIN2,GMR3,JSG1,DCLN1,JP22,R2,R6
79,G,2,HIN2,GMR3,JSG1,DCLN1,JP22,R2,R6
5240,B,2,HIN2,GMR3,JSG1,DCLN1,JP22,R2,R6
60,G,1,HIN2,GMR3,JSG1,DCLN1,JP22,R2,R6
4488,B,1,HIN2,GMR3,JSG1,DCLN1,JP22,R2,R6
108,G,1,HIN2,GMR3,JSG1,DCLN1,JP22,R2,R6
4448,B,1,HIN2,GMR3,JSG1,DCLN1,JP22,R2,R6
210,G,1,HIN2,GMR3,JSG1,DCLN1,JP22,R2,R6
4643,B,1,HIN2,GMR3,JSG1,DCLN1,JP22,R2,R6
104,G,1,HIN2,GMR3,JSG1,DCLN1,JP22,R2,R6
4321,B,1,HIN2,GMR3,JSG1,DCLN1,JP22,R2,R6
111,G,1,HIN2,GMR3,JSG1,DCLN1,JP22,R2,R6
4463,B,1,HIN2,GMR3,JSG1,DCLN1,JP22,R2,R6
66,G,1,HIN2,GMR3,JSG1,DCLN1,JP22,R2,R6
4613,B,1,HIN2,GMR3,JSG1,DCLN1,JP22,R2,R6
89,G,1,HIN2,GMR3,JSG1,DCLN1,JP22,R2,R6
159,G,0,HIN2,GMR3,JSG1,DCLN1,KP10,R1,R9
1349,B,1,HIN2,GMR3,JSG1,DCLN1,KP10,R2,R6
95,G,1,HIN2,GMR3,JSG1,DCLN1,KP10,R2,R6
1376,B,1,HIN2,GMR3,JSG1,DCLN1,KP10,R2,R6
125,G,1,HIN2,GMR3,JSG1,DCLN1,KP10,R2,R6
1294,B,1,HIN2,GMR3,JSG1,DCLN1,KP10,R2,R6
161,G,1,HIN2,GMR3,JSG1,DCLN1,KP10,R2,R6
141,G,1,HIN2,GMR3,JSG1,DCLN1,KP10,R2,R6
1494,B,1,HIN2,GMR3,JSG1,DCLN1,KP10,R2,R6
166,G,1,HIN2,GMR3,JSG1,DCLN1,KP10,R2,R6
179,G,1,HIN2,GMR3,JSG1,DCLN1,KP10,R2,R6
1826,B,1,HIN2,GMR3,JSG1,DCLN1,KP10,R2,R6
464,G,1,HIN2,GMR3,JSG1,DCLN1,KP10,R2,R6
175,G,1,HIN2,GMR3,JSG1,DCLN1,KP10,R2,R6
177,G,1,HIN2,GMR3,JSG1,DCLN1,KP10,R2,R6
74,G,0,HIN1,GMR7,GSP,DCLN2,JP22,R2,R13
3121,B,0,HIN1,GMR7,GSP,DCLN2,JP22,R2,R13
4467,B,0,HIN1,GMR7,GSP,DCLN2,JP22,R2,R13
85,G,2,HIN1,GMR7,GSP,DCLN2,JP22,R2,R13
5366,B,0,HIN1,GMR7,GSP,DCLN2,JP22,R2,R13
126,G,6,HIN1,GMR7,GSP,DCLN2,JP22,R2,R4
2025,B,0,HIN1,GMR7,GSP,DCLN2,JP22,R2,R4
105,G,5,HIN1,GMR7,GSP,DCLN2,JP22,R2,R4
4741,B,0,HIN1,GMR7,GSP,DCLN2,JP22,R2,R4
177,G,3,HIN1,GMR7,GSP,DCLN2,JP22,R2,R4
4699,B,0,HIN1,GMR7,GSP,DCLN2,JP22,R2,R13
167,G,2,HIN1,GMR7,GSP,DCLN2,JP22,R2,R13
2883,B,0,HIN1,GMR7,GSP,DCLN2,JP22,R2,R13
91,G,2,HIN1,GMR7,GSP,DCLN2,JP22,R2,R13
3365,B,0,HIN1,GMR7,GSP,DCLN2,JP22,R2,R13
5968,B,0,HIN1,GMR7,GSP,DCLN2,JP22,R2,R13
10368,B,0,HIN1,GMR7,GSP,DCLN2,JP22,R2,R13
11141,B,0,HIN1,GMR7,GSP,DCLN2,JP22,R2,R13
81,G,2,HIN1,GMR7,GSP,DCLN2,JP22,R2,R13
8561,B,0,HIN1,GMR7,GSP,DCLN2,JP22,R2,R13
8843,B,0,HIN1,GMR7,GSP,DCLN2,JP22,R2,R13
8946,B,0,HIN1,GMR7,GSP,DCLN2,JP22,R2,R13
6637,B,0,HIN2,GMR3,GSP,DCLN2,KP10,R2,R13
1727,B,0,HIN2,GMR3,GSP,DCLN2,KP10,R2,R13
606,G,0,HIN2,GMR3,GSP,DCLN2,KP10,R2,R13
1003,B,0,HIN2,GMR3,GSP,DCLN2,KP10,R2,R13
2124,B,0,HIN2,GMR3,GSP,DCLN2,KP10,R2,R13
830,G,0,HIN2,GMR3,GSP,DCLN2,KP10,R2,R13
1660,B,0,HIN2,GMR3,GSP,DCLN2,KP10,R2,R13
1628,B,0,HIN2,GMR3,GSP,DCLN2,KP10,R2,R13
4226,B,0,HIN2,GMR3,GSP,DCLN2,KP10,R2,R13
1731,B,0,HIN2,GMR3,GSP,DCLN2,KP10,R2,R13
960,B,0,HIN2,GMR3,GSP,DCLN2,KP10,R2,R13
1912,B,0,HIN2,GMR3,GSP,DCLN2,KP10,R2,R1
795,G,0,HIN2,GMR3,GSP,DCLN2,KP10,R2,R1
1045,B,0,HIN2,GMR3,GSP,DCLN2,KP10,R2,R13
9124,B,0,HIN2,GMR3,GSP,DCLN2,KP10,R2,R13
3751,B,0,HIN2,GMR3,GSP,DCLN2,KP10,R2,R13
1551,B,0,HIN2,GMR3,GSP,DCLN2,KP10,R2,R13
13643,B,0,HIN2,GMR3,GSP,DCLN2,KP10,R2,R13
1571,B,0,HIN2,GMR3,GSP,DCLN2,KP10,R2,R13
641,G,0,HIN2,GMR3,GSP,DCLN2,KP10,R2,R4
157,G,0,HIN1,GMR7,GSP,DCLN2,KP10,R2,R13
93,G,0,HIN1,GMR7,GSP,DCLN2,KP10,R2,R5
137,G,0,HIN1,GMR7,GSP,DCLN2,KP10,R2,R5
2877,B,0,HIN1,GMR7,GSP,DCLN2,KP10,R2,R13
160,G,0,HIN1,GMR7,GSP,DCLN2,KP10,R2,R13
175,G,0,HIN1,GMR7,GSP,DCLN2,KP10,R2,R13
131,G,0,HIN1,GMR7,GSP,DCLN2,KP10,R2,R5
13118,B,0,HIN1,GMR7,GSP,DCLN2,KP10,R2,R13
136,G,0,HIN1,GMR7,GSP,DCLN2,KP10,R2,R5
12604,B,0,HIN1,GMR7,GSP,DCLN2,KP10,R2,R13
13494,B,0,HIN1,GMR7,GSP,DCLN2,KP10,R2,R13
12838,B,0,HIN1,GMR7,GSP,DCLN2,KP10,R2,R13
449,G,0,HIN1,GMR7,GSP,DCLN2,KP10,R2,R5
12144,B,0,HIN1,GMR7,GSP,DCLN2,KP10,R2,R13
192,G,2,HIN1,GMR7,GSP,DCLN2,KP10,R2,R13
199,G,0,HIN1,GMR7,GSP,DCLN2,KP10,R2,R13
116,G,5,HIN1,GMR7,GSP,DCLN2,KP10,R2,R5
116,G,2,HIN1,GMR7,GSP,DCLN2,KP10,R2,R13
153,G,2,HIN1,GMR7,GSP,DCLN2,KP10,R2,R13
473,G,3,HIN2,GMR7,GSP,DCLN2,KP10,R2,R5
144,G,5,HIN2,GMR7,GSP,DCLN2,KP10,R2,R5
100,G,5,HIN2,GMR7,GSP,DCLN2,KP10,R2,R4
144,G,5,HIN2,GMR7,GSP,DCLN2,KP10,R2,R4
129,G,3,HIN2,GMR7,GSP,DCLN2,KP10,R2,R4
139,G,3,HIN2,GMR7,GSP,DCLN2,KP10,R2,R4
107,G,3,HIN2,GMR7,GSP,DCLN2,KP10,R2,R5
121,G,4,HIN2,GMR7,GSP,DCLN2,KP10,R2,R5
120,G,3,HIN2,GMR7,GSP,DCLN2,KP10,R2,R5
124,G,5,HIN2,GMR7,GSP,DCLN2,KP10,R2,R5
144,G,10,HIN2,GMR7,GSP,DCLN2,KP10,R2,R5
158,G,3,HIN2,GMR7,GSP,DCLN2,KP10,R2,R5
113,G,5,HIN2,GMR7,GSP,DCLN2,KP10,R2,R5
101,G,5,HIN2,GMR7,GSP,DCLN2,KP10,R2,R5
223,G,7,HIN2,GMR7,GSP,DCLN2,KP10,R2,R5
109,G,5,HIN2,GMR7,GSP,DCLN2,KP10,R2,R5
101,G,11,HIN2,GMR7,GSP,DCLN2,KP10,R2,R5
129,G,4,HIN2,GMR7,GSP,DCLN2,KP10,R2,R5
147,G,2,HIN2,GMR7,GSP,DCLN2,KP10,R2,R13
2535,B,0,HIN2,GMR3,GSP,DCLN2,KP10,R2,R5
1001,B,0,HIN2,GMR3,GSP,DCLN2,KP10,R2,R5
12610,B,0,HIN2,GMR3,GSP,DCLN2,KP10,R2,R5
1053,B,0,HIN2,GMR3,GSP,DCLN2,KP10,R2,R5
1826,B,0,HIN2,GMR3,GSP,DCLN2,KP10,R2,R5
927,B,0,HIN2,GMR3,GSP,DCLN2,KP10,R2,R5
1523,B,0,HIN2,GMR3,GSP,DCLN2,KP10,R2,R5
736,G,0,HIN2,GMR3,GSP,DCLN2,KP10,R2,R5
1577,B,0,HIN2,GMR3,GSP,DCLN2,KP10,R2,R1
786,G,0,HIN2,GMR3,GSP,DCLN2,KP10,R2,R1
2047,B,0,HIN2,GMR3,GSP,DCLN2,KP10,R2,R1
902,B,0,HIN2,GMR3,GSP,DCLN2,KP10,R2,R1
1089,B,0,HIN2,GMR3,GSP,DCLN2,KP10,R2,R4
1933,B,0,HIN2,GMR3,GSP,DCLN2,KP10,R2,R13
1107,B,0,HIN2,GMR3,GSP,DCLN2,KP10,R2,R13
1809,B,0,HIN2,GMR3,GSP,DCLN2,KP10,R2,R13
943,B,0,HIN2,GMR3,GSP,DCLN2,KP10,R2,R4
1965,B,0,HIN2,GMR3,GSP,DCLN2,KP10,R2,R13
1297,B,0,HIN2,GMR3,GSP,DCLN2,KP10,R2,R4
1877,B,0,HIN2,GMR3,GSP,DCLN2,KP10,R2,R5
845,G,1,HIN4,GMR3,GSP,DCLN2,KP04,R2,R6
851,G,1,HIN4,GMR3,GSP,DCLN2,KP04,R2,R6
938,B,1,HIN4,GMR3,GSP,DCLN2,KP04,R2,R6
19209,B,1,HIN4,GMR3,GSP,DCLN2,KP04,R2,R6
685,G,1,HIN4,GMR3,GSP,DCLN2,KP04,R2,R6
12488,B,1,HIN4,GMR3,GSP,DCLN2,KP04,R2,R6
17471,B,1,HIN4,GMR3,GSP,DCLN2,KP04,R2,R6
941,B,1,HIN4,GMR3,GSP,DCLN2,KP04,R2,R6
1096,B,1,HIN4,GMR3,GSP,DCLN2,KP04,R2,R6
978,B,1,HIN4,GMR3,GSP,DCLN2,KP04,R2,R6
1261,B,1,HIN4,GMR3,GSP,DCLN2,KP04,R2,R6
1281,B,1,HIN4,GMR3,GSP,DCLN2,KP04,R2,R6
1560,B,1,HIN4,GMR3,GSP,DCLN2,KP04,R2,R6
17840,B,0,HIN1,GMR3,JSG1,DCLN1,KP04,R2,R4
608,G,0,HIN1,GMR3,JSG1,DCLN1,KP04,R2,R4
534,G,0,HIN1,GMR3,JSG1,DCLN1,KP04,R2,R4
726,G,0,HIN1,GMR3,JSG1,DCLN1,KP04,R2,R4
516,G,0,HIN1,GMR3,JSG1,DCLN1,KP04,R2,R4
18306,B,0,HIN1,GMR3,JSG1,DCLN1,KP04,R2,R1
568,G,0,HIN1,GMR3,JSG1,DCLN1,KP04,R2,R1
674,G,0,HIN1,GMR3,JSG1,DCLN1,KP04,R2,R1
6521,B,0,HIN1,GMR3,JSG1,DCLN1,KP04,R2,R13
742,G,0,HIN1,GMR3,JSG1,DCLN1,KP04,R2,R13
627,G,0,HIN1,GMR3,JSG1,DCLN1,KP04,R2,R13
1660,B,0,HIN4,GMR3,GSP,DCLN2,KP17,R2,R6
5948,B,0,HIN4,GMR3,GSP,DCLN2,KP17,R2,R6
2521,B,0,HIN4,GMR3,GSP,DCLN2,KP17,R2,R6
5909,B,0,HIN4,GMR3,GSP,DCLN2,KP17,R2,R6
2203,B,0,HIN4,GMR3,GSP,DCLN2,KP17,R2,R6
6748,B,0,HIN4,GMR3,GSP,DCLN2,KP17,R2,R6
1989,B,0,HIN4,GMR3,GSP,DCLN2,KP17,R2,R6
6916,B,0,HIN4,GMR3,GSP,DCLN2,KP17,R2,R6
6619,B,0,HIN4,GMR3,GSP,DCLN2,KP17,R2,R6
1802,B,0,HIN4,GMR3,GSP,DCLN2,KP17,R2,R6
6408,B,0,HIN4,GMR3,GSP,DCLN2,KP17,R2,R6
1796,B,0,HIN4,GMR3,GSP,DCLN2,KP17,R2,R6
6408,B,0,HIN4,GMR3,GSP,DCLN2,KP17,R2,R6
1780,B,0,HIN4,GMR3,GSP,DCLN2,KP17,R2,R6
7086,B,0,HIN4,GMR3,GSP,DCLN2,KP17,R2,R6
2140,B,0,HIN4,GMR3,GSP,DCLN2,KP17,R2,R6
6317,B,0,HIN4,GMR3,GSP,DCLN2,KP17,R2,R6
2246,B,0,HIN4,GMR3,GSP,DCLN2,KP17,R2,R6
7161,B,0,HIN4,GMR3,GSP,DCLN2,KP17,R2,R6
4846,B,0,HIN4,GMR3,GSP,DCLN2,KP17,R2,R6
479,G,1,KIN4,GMR5,GSP,DCLN2,KP04,R2,R6
13950,B,1,KIN4,GMR5,GSP,DCLN2,KP04,R2,R6
297,G,1,KIN4,GMR5,GSP,DCLN2,KP04,R2,R6
288,G,1,KIN4,GMR5,GSP,DCLN2,KP04,R2,R6
17558,B,1,KIN4,GMR5,GSP,DCLN2,KP04,R2,R6
351,G,1,KIN4,GMR5,GSP,DCLN2,KP04,R2,R6
18312,B,1,KIN4,GMR5,GSP,DCLN2,KP04,R2,R6
395,G,1,KIN4,GMR5,GSP,DCLN2,KP04,R2,R6
19259,B,1,KIN4,GMR5,GSP,DCLN2,KP04,R2,R6
229,G,1,KIN4,GMR5,GSP,DCLN2,KP04,R2,R6
336,G,1,KIN4,GMR5,GSP,DCLN2,KP04,R2,R6
258,G,1,KIN4,GMR5,GSP,DCLN2,KP04,R2,R6
223,G,1,KIN4,GMR5,GSP,DCLN2,KP04,R2,R6
16201,B,1,KIN4,GMR5,GSP,DCLN2,KP04,R2,R6
254,G,1,KIN4,GMR5,GSP,DCLN2,KP04,R2,R6
16731,B,1,HIN4,GMR3,GSP,DCLN2,KP24,R2,R6
84,G,1,HIN4,GMR3,GSP,DCLN2,KP24,R2,R6
18589,B,1,HIN4,GMR3,GSP,DCLN2,KP24,R2,R6
107,G,1,HIN4,GMR3,GSP,DCLN2,KP24,R2,R6
21093,B,1,HIN4,GMR3,GSP,DCLN2,KP24,R2,R6
98,G,2,HIN4,GMR3,GSP,DCLN2,KP24,R2,R6
12371,B,1,HIN4,GMR3,GSP,DCLN2,KP24,R2,R6
113,G,1,HIN4,GMR3,GSP,DCLN2,KP24,R2,R6
13196,B,1,HIN4,GMR3,GSP,DCLN2,KP24,R2,R6
107,G,1,HIN4,GMR3,GSP,DCLN2,KP24,R2,R6
14459,B,1,HIN4,GMR3,GSP,DCLN2,KP24,R2,R6
97,G,1,HIN4,GMR3,GSP,DCLN2,KP24,R2,R6
17862,B,1,HIN4,GMR3,GSP,DCLN2,KP24,R2,R6
98,G,1,HIN4,GMR3,GSP,DCLN2,KP24,R2,R6
21764,B,1,HIN4,GMR3,GSP,DCLN2,KP24,R2,R6
95,G,1,HIN4,GMR3,GSP,DCLN2,KP24,R2,R6
15827,B,1,HIN4,GMR3,GSP,DCLN2,KP24,R2,R6
96,G,1,HIN4,GMR3,GSP,DCLN2,KP24,R2,R6
16763,B,1,HIN4,GMR3,GSP,DCLN2,KP24,R2,R6
120,G,1,HIN4,GMR3,GSP,DCLN2,KP24,R2,R6
96,G,1,HIN4,GMR3,GSP,DCLN2,KP24,R2,R6
6053,B,0,HIN4,GMR3,GSS,DCLN2,JP22,R1,R9
21698,B,0,HIN4,GMR3,GSS,DCLN2,JP22,R1,R9
8058,B,0,HIN4,GMR3,GSS,DCLN2,JP22,R1,R9
23047,B,0,HIN4,GMR3,GSS,DCLN2,JP22,R1,R9
9668,B,0,HIN4,GMR3,GSS,DCLN2,JP22,R1,R9
22096,B,0,HIN4,GMR3,GSS,DCLN2,JP22,R1,R9
6668,B,0,HIN4,GMR3,GSS,DCLN2,JP22,R1,R9
22284,B,0,HIN4,GMR3,GSS,DCLN2,JP22,R1,R9
7836,B,0,HIN4,GMR3,GSS,DCLN2,JP22,R1,R9
10520,B,0,HIN4,GMR3,GSS,DCLN2,JP22,R1,R9
21296,B,0,HIN4,GMR3,GSS,DCLN2,JP22,R1,R9
6562,B,0,HIN4,GMR3,GSS,DCLN2,JP22,R1,R9
21303,B,0,HIN4,GMR3,GSS,DCLN2,JP22,R1,R9
6926,B,0,HIN4,GMR3,GSS,DCLN2,JP22,R1,R9
20781,B,0,HIN4,GMR3,GSS,DCLN2,JP22,R1,R9
6160,B,0,HIN4,GMR3,GSS,DCLN2,JP22,R1,R9
23007,B,0,HIN4,GMR3,GSS,DCLN2,JP22,R1,R9
5864,B,0,HIN4,GMR3,GSS,DCLN2,JP22,R1,R9
20858,B,0,HIN4,GMR3,GSS,DCLN2,JP22,R1,R9
6115,B,0,HIN4,GMR3,GSS,DCLN2,JP22,R1,R9
21303,B,0,HIN4,GMR3,GSS,DCLN2,JP22,R1,R9
5649,B,0,HIN4,GMR3,GSS,DCLN2,JP22,R1,R9
22000,B,0,HIN4,GMR3,GSS,DCLN2,JP22,R1,R9
5666,B,0,HIN4,GMR3,GSS,DCLN2,JP22,R1,R9
21882,B,0,HIN4,GMR3,GSS,DCLN2,JP22,R1,R9
995,B,0,HIN1,GMR5,GSS,DCLN2,KP22,R2,R1
204,G,0,HIN1,GMR5,GSS,DCLN2,KP22,R2,R1
1369,B,0,HIN1,GMR5,GSS,DCLN2,KP22,R2,R1
184,G,0,HIN1,GMR5,GSS,DCLN2,KP22,R2,R1
1435,B,0,HIN1,GMR5,GSS,DCLN2,KP22,R2,R1
538,G,0,HIN1,GMR5,GSS,DCLN2,KP22,R2,R1
1267,B,0,HIN1,GMR5,GSS,DCLN2,KP22,R2,R1
229,G,0,HIN1,GMR5,GSS,DCLN2,KP22,R2,R1
1447,B,0,HIN1,GMR5,GSS,DCLN2,KP22,R2,R1
2541,B,0,HIN1,GMR5,GSS,DCLN2,KP22,R2,R1
68683,B,0,HIN1,GMR5,GSS,DCLN2,KP22,R2,R1
1327,B,0,HIN1,GMR5,GSS,DCLN2,KP22,R2,R1
754,G,0,HIN1,GMR5,GSS,DCLN2,KP22,R2,R1
796,G,0,HIN1,GMR5,GSS,DCLN2,KP22,R2,R4
1199,B,0,HIN1,GMR5,GSS,DCLN2,KP22,R2,R4
1785,B,0,HIN1,GMR5,GSS,DCLN2,KP22,R2,R4
183,G,0,HIN1,GMR5,GSS,DCLN2,KP22,R2,R4
912,B,0,HIN1,GMR5,GSS,DCLN2,KP22,R2,R4
218,G,0,HIN1,GMR5,GSS,DCLN2,KP22,R2,R4
1538,B,0,HIN1,GMR5,GSS,DCLN2,KP22,R2,R4
166,G,0,HIN1,GMR5,GSS,DCLN2,KP22,R2,R4
1685,B,0,HIN1,GMR5,GSS,DCLN2,KP22,R2,R4
181,G,0,HIN1,GMR5,GSS,DCLN2,KP22,R2,R4
1293,B,0,HIN1,GMR5,GSS,DCLN2,KP22,R2,R4
96,G,0,KIN4,GMR7,GSP,DCLN2,JP22,R2,R13
45,G,0,KIN4,GMR7,GSP,DCLN2,JP22,R2,R13
83,G,0,KIN4,GMR7,GSP,DCLN2,JP22,R2,R13
42488,B,0,KIN4,GMR7,GSP,DCLN2,JP22,R2,R13
87,G,0,KIN4,GMR7,GSP,DCLN2,JP22,R2,R13
89,G,0,KIN4,GMR7,GSP,DCLN2,JP22,R2,R13
67,G,0,KIN4,GMR7,GSP,DCLN2,JP22,R2,R13
121,G,0,KIN4,GMR7,GSP,DCLN2,JP22,R2,R13
74,G,0,KIN4,GMR7,GSP,DCLN2,JP22,R2,R13
107,G,0,KIN4,GMR7,GSP,DCLN2,JP22,R2,R13
53,G,0,KIN4,GMR7,GSP,DCLN2,JP22,R2,R13
97,G,0,KIN4,GMR7,GSP,DCLN2,JP22,R2,R13
55,G,0,KIN4,GMR7,GSP,DCLN2,JP22,R2,R13
24305,B,0,KIN4,GMR7,GSP,DCLN2,JP22,R2,R13
79,G,0,KIN4,GMR7,GSP,DCLN2,JP22,R2,R13
117,G,0,KIN4,GMR7,GSP,DCLN2,JP22,R2,R13
48,G,0,KIN4,GMR7,GSP,DCLN2,JP22,R2,R13
92,G,0,KIN4,GMR7,GSP,DCLN2,JP22,R2,R13
11469,B,0,KIN4,GMR7,GSP,DCLN2,JP22,R2,R13
133,G,0,KIN4,GMR7,GSP,DCLN2,JP22,R2,R13
3351,B,0,KIN4,GMR7,GSP,DCLN2,JP22,R2,R13
93,G,0,KIN4,GMR7,GSP,DCLN2,JP22,R2,R13
274,G,0,KIN4,GMR7,GSP,DCLN2,JP22,R2,R13
17083,B,0,KIN4,GMR5,GSE,DCLN1,JP22,R2,R6
7517,B,0,KIN4,GMR5,GSE,DCLN1,JP22,R2,R6
16147,B,0,KIN4,GMR5,GSE,DCLN1,JP22,R2,R6
17036,B,0,KIN4,GMR5,GSE,DCLN1,JP22,R2,R6
7888,B,0,KIN4,GMR5,GSE,DCLN1,JP22,R2,R6
19613,B,0,KIN4,GMR5,GSE,DCLN1,JP22,R2,R6
8042,B,0,KIN4,GMR5,GSE,DCLN1,JP22,R2,R6
17724,B,0,KIN4,GMR5,GSE,DCLN1,JP22,R2,R6
10324,B,0,KIN4,GMR5,GSE,DCLN1,JP22,R2,R6
18416,B,0,KIN4,GMR5,GSE,DCLN1,JP22,R2,R6
9486,B,0,KIN4,GMR5,GSE,DCLN1,JP22,R2,R6
19861,B,0,KIN4,GMR5,GSE,DCLN1,JP22,R2,R6
11992,B,0,KIN4,GMR5,GSE,DCLN1,JP22,R2,R6
18379,B,0,KIN4,GMR5,GSE,DCLN1,JP22,R2,R6
11670,B,0,KIN4,GMR5,GSE,DCLN1,JP22,R2,R6
19174,B,0,KIN4,GMR5,GSE,DCLN1,JP22,R2,R6
11775,B,0,KIN4,GMR5,GSE,DCLN1,JP22,R2,R6
19295,B,0,KIN4,GMR5,GSE,DCLN1,JP22,R2,R6
10219,B,0,KIN4,GMR5,GSE,DCLN1,JP22,R2,R6
18441,B,0,KIN4,GMR5,GSE,DCLN1,JP22,R2,R6
15631,B,0,KIN4,GMR5,GSE,DCLN1,JP22,R2,R6
19756,B,0,KIN4,GMR5,GSE,DCLN1,JP22,R2,R6
14110,B,0,KIN4,GMR5,GSE,DCLN1,JP22,R2,R6
18967,B,0,KIN4,GMR5,GSE,DCLN1,JP22,R2,R6
122,G,0,HIN1,GMR3,JSG1,DCLN1,KP10,R2,R1
206,G,0,HIN1,GMR3,JSG1,DCLN1,KP10,R2,R1
6287,B,0,HIN1,GMR3,JSG1,DCLN1,KP10,R2,R1
94,G,0,HIN1,GMR3,JSG1,DCLN1,KP10,R2,R1
149,G,0,HIN1,GMR3,JSG1,DCLN1,KP10,R2,R1
6622,B,0,HIN1,GMR3,JSG1,DCLN1,KP10,R2,R1
5373,B,0,HIN1,GMR3,JSG1,DCLN1,KP10,R2,R1
87,G,0,HIN1,GMR3,JSG1,DCLN1,KP10,R2,R1
129,G,0,HIN1,GMR3,JSG1,DCLN1,KP10,R2,R5
111,G,0,HIN1,GMR3,JSG1,DCLN1,KP10,R2,R4
120,G,0,HIN1,GMR3,JSG1,DCLN1,KP10,R2,R1
68,G,0,HIN1,GMR3,JSG1,DCLN1,KP10,R2,R1
130,G,0,HIN1,GMR3,JSG1,DCLN1,KP10,R2,R1
85,G,0,HIN1,GMR3,JSG1,DCLN1,KP10,R2,R1
327,G,0,HIN1,GMR3,JSG1,DCLN1,KP10,R2,R1
109,G,0,HIN1,GMR3,JSG1,DCLN1,KP10,R2,R1
91,G,0,HIN1,GMR3,JSG1,DCLN1,KP10,R2,R1
118,G,0,HIN1,GMR3,JSG1,DCLN1,KP10,R2,R4
11248,B,0,HIN1,GMR3,JSG1,DCLN1,KP10,R2,R5
100,G,0,HIN1,GMR3,JSG1,DCLN1,KP10,R1,R12
129,G,0,HIN1,GMR3,JSG1,DCLN1,KP10,R1,R12
135,G,0,HIN1,GMR3,JSG1,DCLN1,KP10,R1,R11
125,G,0,HIN1,GMR3,JSG1,DCLN1,KP10,R1,R11
858,G,0,HIN4,GMR5,JSG1,DCLN1,KP04,R2,R13
1698,B,0,HIN4,GMR5,JSG1,DCLN1,KP04,R2,R13
1189,B,0,HIN4,GMR5,JSG1,DCLN1,KP04,R2,R13
161,G,0,HIN4,GMR5,JSG1,DCLN1,KP04,R2,R13
286,G,0,HIN4,GMR5,JSG1,DCLN1,KP04,R2,R13
257,G,0,HIN4,GMR5,JSG1,DCLN1,KP04,R2,R13
168,G,0,HIN4,GMR5,JSG1,DCLN1,KP04,R2,R13
112,G,0,HIN4,GMR5,JSG1,DCLN1,KP04,R2,R13
145,G,0,HIN4,GMR5,JSG1,DCLN1,KP04,R2,R13
189,G,0,HIN4,GMR5,JSG1,DCLN1,KP04,R2,R13
125,G,0,HIN1,GMR5,GSS,DCLN2,KP04,R2,R13
140,G,0,HIN1,GMR5,GSS,DCLN2,KP04,R2,R13
132,G,0,HIN1,GMR5,GSS,DCLN2,KP04,R2,R13
10373,B,0,HIN1,GMR5,GSS,DCLN2,KP04,R2,R13
123,G,0,HIN1,GMR5,GSS,DCLN2,KP04,R2,R13
429,G,0,HIN1,GMR5,GSS,DCLN2,KP04,R2,R13
163,G,0,HIN2,GMR7,GSP,DCLN2,KP27,R2,R13
149,G,0,HIN2,GMR7,GSP,DCLN2,KP27,R2,R13
50585,B,0,HIN2,GMR7,GSP,DCLN2,KP27,R2,R13
4696,B,0,HIN2,GMR7,GSP,DCLN2,KP27,R2,R13
5202,B,0,HIN2,GMR7,GSP,DCLN2,KP27,R2,R13
911,B,0,HIN2,GMR7,GSP,DCLN2,KP27,R2,R13
795,G,0,HIN2,GMR7,GSP,DCLN2,KP27,R2,R13
106847,B,0,HIN2,GMR7,GSP,DCLN2,KP27,R2,R13
413,G,0,HIN2,GMR7,GSP,DCLN2,KP27,R2,R13
192,G,0,HIN2,GMR7,GSP,DCLN2,KP27,R2,R13
251,G,0,HIN2,GMR7,GSP,DCLN2,KP27,R2,R13
6702,B,0,HIN2,GMR7,GSP,DCLN2,KP27,R2,R13
67707,B,0,HIN2,GMR7,GSP,DCLN2,KP27,R2,R13
102737,B,0,HIN2,GMR7,GSP,DCLN2,KP27,R2,R13
1765,B,0,HIN2,GMR7,GSP,DCLN2,KP27,R2,R13
198,G,0,HIN2,GMR7,GSP,DCLN2,KP27,R2,R13
2743,B,0,HIN2,GMR7,GSP,DCLN2,KP27,R2,R13
213,G,0,HIN2,GMR7,GSP,DCLN2,KP27,R2,R13
2771,B,0,HIN2,GMR7,GSP,DCLN2,KP27,R2,R13
7831,B,0,HIN2,GMR7,GSP,DCLN2,KP27,R2,R13
1102,B,0,HIN1,GMR5,GSS,DCLN2,KP10,R2,R13
969,B,0,HIN1,GMR5,GSS,DCLN2,KP10,R2,R13
357,G,0,HIN1,GMR5,GSS,DCLN2,KP10,R2,R13
2034,B,0,HIN1,GMR5,GSS,DCLN2,KP10,R2,R13
1014,B,0,HIN1,GMR5,GSS,DCLN2,KP10,R2,R13
885,G,0,HIN1,GMR5,GSS,DCLN2,KP10,R2,R13
154,G,0,HIN1,GMR5,GSS,DCLN2,KP10,R2,R13
9155,B,0,HIN1,GMR5,GSS,DCLN2,KP10,R2,R13
689,G,0,HIN1,GMR5,GSS,DCLN2,KP10,R2,R13
535,G,0,HIN1,GMR5,GSS,DCLN2,KP10,R2,R13
1899,B,0,HIN1,GMR5,GSS,DCLN2,KP10,R2,R13
321,G,0,HIN1,GMR5,GSS,DCLN2,KP10,R2,R13
1880,B,0,HIN1,GMR5,GSS,DCLN2,KP10,R2,R13
17401,B,0,HIN1,GMR5,GSS,DCLN2,KP10,R2,R13
2707,B,0,HIN1,GMR5,GSS,DCLN2,KP10,R2,R13
674,G,0,HIN1,GMR5,GSS,DCLN2,KP10,R2,R13
167,G,0,HIN1,GMR5,GSS,DCLN2,KP10,R2,R13
870,G,0,HIN1,GMR5,GSS,DCLN2,KP10,R2,R13
20165,B,0,HIN1,GMR5,GSS,DCLN2,KP10,R2,R13
1897,B,0,HIN1,GMR5,GSS,DCLN2,KP10,R2,R13
274,G,0,HIN1,GMR5,GSS,DCLN2,KP22,R1,R9
452,G,0,HIN1,GMR5,GSS,DCLN2,KP22,R1,R9
297,G,0,HIN1,GMR5,GSS,DCLN2,KP22,R1,R9
495,G,0,HIN1,GMR5,GSS,DCLN2,KP22,R1,R9
402,G,0,HIN1,GMR5,GSS,DCLN2,KP22,R1,R9
944,B,0,HIN1,GMR5,GSS,DCLN2,KP22,R2,R13
59848,B,0,HIN1,GMR5,GSS,DCLN2,KP22,R2,R13
452,G,0,HIN1,GMR5,GSS,DCLN2,KP22,R2,R13
156,G,0,HIN1,GMR5,GSS,DCLN2,KP22,R2,R13
21066,B,0,HIN1,GMR5,GSS,DCLN2,KP22,R2,R13
180,G,0,HIN1,GMR5,GSS,DCLN2,KP22,R2,R13
692,G,0,HIN1,GMR5,GSS,DCLN2,KP22,R2,R13
133,G,0,HIN1,GMR5,GSS,DCLN2,KP22,R2,R5
609,G,0,HIN1,GMR5,GSS,DCLN2,KP22,R2,R13
194442,B,0,HIN1,GMR5,GSS,DCLN2,KP22,R2,R13
897,G,0,HIN1,GMR5,GSS,DCLN2,KP22,R2,R13
6061,B,0,HIN1,GMR5,GSS,DCLN2,KP22,R2,R13
2061,B,0,HIN1,GMR5,GSS,DCLN2,KP22,R2,R13
1859,B,0,HIN1,GMR5,GSS,DCLN2,KP22,R2,R13
307,G,0,HIN1,GMR5,GSS,DCLN2,KP22,R2,R13
71784,B,0,HIN1,GMR5,GSS,DCLN2,KP22,R2,R5
375,G,0,HIN1,GMR5,GSS,DCLN2,KP22,R2,R5
499,G,0,HIN1,GMR5,GSS,DCLN2,KP22,R2,R5
452,G,0,HIN1,GMR5,GSS,DCLN2,KP22,R2,R5
686,G,0,HIN1,GMR5,GSS,DCLN2,KP22,R2,R5
180,G,0,HIN1,GMR5,GSP,DCLN2,KP24,R1,R11
187,G,0,HIN1,GMR5,GSP,DCLN2,KP24,R1,R11
181,G,0,HIN1,GMR5,GSP,DCLN2,KP24,R1,R11
210,G,0,HIN1,GMR5,GSP,DCLN2,KP24,R1,R9
122,G,0,HIN1,GMR5,GSP,DCLN2,KP24,R1,R9
305,G,0,HIN1,GMR5,GSP,DCLN2,KP24,R1,R9
111,G,0,HIN1,GMR5,GSP,DCLN2,KP24,R1,R9
438,G,0,HIN1,GMR5,GSP,DCLN2,KP24,R1,R9
155,G,0,HIN1,GMR5,GSP,DCLN2,KP24,R1,R9
750,G,0,HIN1,GMR5,GSP,DCLN2,KP24,R1,R7
820,G,0,HIN1,GMR5,GSP,DCLN2,KP24,R1,R9
1246,B,0,HIN1,GMR5,GSP,DCLN2,KP24,R1,R11
185,G,0,HIN1,GMR5,GSP,DCLN2,KP24,R1,R11
1522,B,0,HIN1,GMR5,GSP,DCLN2,KP24,R1,R9
1962,B,0,HIN1,GMR5,GSP,DCLN2,KP24,R1,R9
143,G,0,HIN1,GMR5,GSP,DCLN2,KP24,R1,R9
2174,B,0,HIN1,GMR5,GSP,DCLN2,KP24,R1,R9
3136,B,0,HIN1,GMR5,GSP,DCLN2,KP24,R1,R9
3976,B,0,HIN1,GMR5,GSP,DCLN2,KP24,R1,R9
211,G,0,HIN1,GMR5,GSP,DCLN2,KP24,R1,R12
5165,B,0,HIN1,GMR5,GSP,DCLN2,KP24,R1,R9
122453,B,0,HIN2,GMR5,GSP,DCLN2,KP27,R2,R13
1463,B,0,HIN2,GMR5,GSP,DCLN2,KP27,R2,R13
7826,B,0,HIN2,GMR5,GSP,DCLN2,KP27,R2,R13
37538,B,0,HIN2,GMR5,GSP,DCLN2,KP27,R2,R13
46642,B,0,HIN2,GMR5,GSP,DCLN2,KP27,R2,R13
37213,B,0,HIN2,GMR5,GSP,DCLN2,KP27,R2,R13
67883,B,0,HIN2,GMR5,GSP,DCLN2,KP27,R2,R13
50405,B,0,HIN2,GMR5,GSP,DCLN2,KP27,R2,R13
56905,B,0,HIN2,GMR5,GSP,DCLN2,KP27,R2,R13
8976,B,0,HIN2,GMR5,GSP,DCLN2,KP27,R2,R13
2688,B,0,HIN2,GMR5,GSP,DCLN2,KP27,R2,R13
11686,B,0,HIN2,GMR5,GSP,DCLN2,KP27,R2,R13
50664,B,0,HIN2,GMR5,GSP,DCLN2,KP27,R2,R13
46987,B,0,HIN2,GMR5,GSP,DCLN2,KP27,R2,R13
16318,B,0,HIN2,GMR5,GSP,DCLN2,KP27,R2,R13
230,G,0,HIN2,GMR5,GSP,DCLN2,KP27,R2,R13
11967,B,0,HIN2,GMR5,GSP,DCLN2,KP27,R2,R13
10433,B,0,HIN2,GMR5,GSP,DCLN2,KP27,R2,R13
12890,B,0,HIN2,GMR5,GSP,DCLN2,KP27,R2,R13
10583,B,0,HIN2,GMR5,GSP,DCLN2,KP27,R2,R13
6115,B,0,HIN2,GMR5,GSP,DCLN2,KP27,R2,R13
10978,B,0,HIN2,GMR5,GSS,DCLN2,KP27,R2,R13
7938,B,0,HIN2,GMR5,GSS,DCLN2,KP27,R2,R13
10526,B,0,HIN2,GMR5,GSS,DCLN2,KP27,R2,R13
3937,B,0,HIN2,GMR5,GSS,DCLN2,KP27,R2,R13
11544,B,0,HIN2,GMR5,GSS,DCLN2,KP27,R2,R13
19250,B,0,HIN2,GMR5,GSS,DCLN2,KP27,R2,R13
4122,B,0,HIN2,GMR5,GSS,DCLN2,KP27,R2,R13
21105,B,0,HIN2,GMR5,GSS,DCLN2,KP27,R2,R13
5958,B,0,HIN2,GMR5,GSS,DCLN2,KP27,R2,R13
18613,B,0,HIN2,GMR5,GSS,DCLN2,KP27,R2,R13
3896,B,0,HIN2,GMR5,GSS,DCLN2,KP27,R2,R13
19116,B,0,HIN2,GMR5,GSS,DCLN2,KP27,R2,R13
5492,B,0,HIN2,GMR5,GSS,DCLN2,KP27,R2,R13
14959,B,0,HIN2,GMR5,GSS,DCLN2,KP27,R2,R13
6139,B,0,HIN2,GMR5,GSS,DCLN2,KP27,R2,R13
16567,B,0,HIN2,GMR5,GSS,DCLN2,KP27,R2,R13
2671,B,0,HIN2,GMR5,GSS,DCLN2,KP27,R2,R13
11354,B,0,HIN2,GMR5,GSS,DCLN2,KP27,R2,R5
297,G,0,HIN2,GMR5,GSS,DCLN2,KP27,R2,R5
12263,B,0,HIN2,GMR5,GSS,DCLN2,KP27,R2,R5
275,G,0,HIN2,GMR5,GSS,DCLN2,KP27,R2,R5
15425,B,0,HIN2,GMR5,GSS,DCLN2,KP27,R2,R5
674,G,0,HIN2,GMR5,GSS,DCLN2,KP27,R2,R5
13224,B,0,HIN2,GMR5,GSS,DCLN2,KP27,R2,R5
4608,B,1,HIN1,GMR5,GSS,DCLN2,KP04,R2,R6
8823,B,1,HIN1,GMR5,GSS,DCLN2,KP04,R2,R6
3988,B,1,HIN1,GMR5,GSS,DCLN2,KP04,R2,R6
3450,B,1,HIN1,GMR5,GSS,DCLN2,KP04,R2,R6
4329,B,1,HIN1,GMR5,GSS,DCLN2,KP04,R2,R6
4085,B,1,HIN1,GMR5,GSS,DCLN2,KP04,R2,R6
18097,B,1,HIN1,GMR5,GSS,DCLN2,KP04,R2,R6
14229,B,1,HIN1,GMR5,GSS,DCLN2,KP04,R2,R6
3835,B,1,HIN1,GMR5,GSS,DCLN2,KP04,R2,R6
4854,B,1,HIN1,GMR5,GSS,DCLN2,KP04,R2,R6
4248,B,1,HIN1,GMR5,GSS,DCLN2,KP04,R2,R6
7202,B,0,HIN2,GMR5,GSS,DCLN2,KP27,R2,R6
1493,B,1,HIN2,GMR5,GSS,DCLN2,KP27,R2,R6
14084,B,0,HIN2,GMR5,GSS,DCLN2,KP27,R2,R6
1366,B,1,HIN2,GMR5,GSS,DCLN2,KP27,R2,R6
14855,B,0,HIN2,GMR5,GSS,DCLN2,KP27,R2,R6
1988,B,0,HIN2,GMR5,GSS,DCLN2,KP27,R2,R6
20907,B,0,HIN2,GMR5,GSS,DCLN2,KP27,R2,R6
1578,B,0,HIN2,GMR5,GSS,DCLN2,KP27,R2,R6
14777,B,0,HIN2,GMR5,GSS,DCLN2,KP27,R2,R6
1791,B,0,HIN2,GMR5,GSS,DCLN2,KP27,R2,R6
23804,B,0,HIN2,GMR5,GSS,DCLN2,KP27,R2,R6
1665,B,0,HIN2,GMR5,GSS,DCLN2,KP27,R2,R6
15991,B,0,HIN2,GMR5,GSS,DCLN2,KP27,R2,R6
2303,B,0,HIN2,GMR5,GSS,DCLN2,KP27,R2,R6
16774,B,0,HIN2,GMR5,GSS,DCLN2,KP27,R2,R6
1986,B,0,HIN2,GMR5,GSS,DCLN2,KP27,R2,R6
16786,B,0,HIN2,GMR5,GSS,DCLN2,KP27,R2,R6
2169,B,0,HIN2,GMR5,GSS,DCLN2,KP27,R2,R6
23680,B,0,HIN2,GMR5,GSS,DCLN2,KP27,R2,R6
2245,B,0,HIN2,GMR5,GSS,DCLN2,KP27,R2,R6
17937,B,0,HIN2,GMR5,GSS,DCLN2,KP27,R2,R6
2919,B,0,HIN2,GMR5,GSS,DCLN2,KP27,R2,R6
22303,B,0,HIN2,GMR5,GSS,DCLN2,KP27,R2,R6
2571,B,0,HIN2,GMR5,GSS,DCLN2,KP27,R2,R6
19387,B,0,HIN2,GMR5,GSS,DCLN2,KP27,R2,R6
51040,B,0,HIN4,GMR5,GSS,DCLN2,HP16,R2,R13
9005,B,0,HIN4,GMR5,GSS,DCLN2,HP16,R2,R5
78638,B,0,HIN4,GMR5,GSS,DCLN2,HP16,R2,R13
56853,B,0,HIN4,GMR5,GSS,DCLN2,HP16,R2,R13
21973,B,0,HIN4,GMR5,GSS,DCLN2,HP16,R2,R13
75762,B,0,HIN4,GMR5,GSS,DCLN2,HP16,R2,R13
18164,B,0,HIN4,GMR5,GSS,DCLN2,HP16,R2,R13
65167,B,0,HIN4,GMR5,GSS,DCLN2,HP16,R2,R13
17994,B,0,HIN4,GMR5,GSS,DCLN2,HP16,R2,R13
62400,B,0,HIN4,GMR5,GSS,DCLN2,HP16,R2,R13
11798,B,0,HIN4,GMR5,GSS,DCLN2,HP16,R2,R13
62556,B,0,HIN4,GMR5,GSS,DCLN2,HP16,R2,R13
11507,B,0,HIN4,GMR5,GSS,DCLN2,HP16,R2,R13
54653,B,0,HIN4,GMR5,GSS,DCLN2,HP16,R2,R13
10950,B,0,HIN4,GMR5,GSS,DCLN2,HP16,R2,R13
13728,B,0,HIN4,GMR5,GSS,DCLN2,HP16,R2,R13
57465,B,0,HIN4,GMR5,GSS,DCLN2,HP16,R2,R13
11236,B,0,HIN4,GMR5,GSS,DCLN2,HP16,R2,R13
73825,B,0,HIN4,GMR5,GSS,DCLN2,HP16,R2,R13
13085,B,0,HIN4,GMR5,GSS,DCLN2,HP16,R2,R13
71,G,0,HIN1,GMR7,GSS,DCLN2,JP22,R2,R5
59,G,0,HIN1,GMR7,GSS,DCLN2,JP22,R2,R5
45,G,0,HIN1,GMR7,GSS,DCLN2,JP22,R2,R5
105,G,0,HIN1,GMR7,GSS,DCLN2,JP22,R2,R5
47,G,0,HIN1,GMR7,GSS,DCLN2,JP22,R2,R5
90,G,0,HIN1,GMR7,GSS,DCLN2,JP22,R2,R5
75,G,0,HIN1,GMR7,GSS,DCLN2,JP22,R2,R5
58,G,0,HIN1,GMR7,GSS,DCLN2,JP22,R2,R5
69,G,0,HIN1,GMR7,GSS,DCLN2,JP22,R2,R5
82,G,0,HIN1,GMR7,GSS,DCLN2,JP22,R2,R5
72,G,0,HIN1,GMR7,GSS,DCLN2,JP22,R2,R5
75,G,0,HIN1,GMR7,GSS,DCLN2,JP22,R2,R5
73,G,0,HIN1,GMR7,GSS,DCLN2,JP22,R2,R5
94,G,0,HIN1,GMR7,GSS,DCLN2,JP22,R2,R5
39580,B,0,HIN1,GMR7,GSS,DCLN2,JP22,R2,R5
35412,B,0,HIN1,GMR7,GSS,DCLN2,JP22,R2,R5
60,G,0,HIN1,GMR7,GSS,DCLN2,JP22,R2,R5
65,G,0,HIN1,GMR7,GSS,DCLN2,JP22,R2,R5
92,G,0,HIN1,GMR7,GSS,DCLN2,JP22,R2,R5
42,G,0,HIN1,GMR7,GSS,DCLN2,JP22,R2,R5
1150,B,1,HIN2,GMR5,GSP,DCLN2,KP27,R2,R6
37337,B,1,HIN2,GMR5,GSP,DCLN2,KP27,R2,R6
1841,B,1,HIN2,GMR5,GSP,DCLN2,KP27,R2,R6
862,G,1,HIN2,GMR5,GSP,DCLN2,KP27,R2,R6
39474,B,1,HIN2,GMR5,GSP,DCLN2,KP27,R2,R6
1084,B,1,HIN2,GMR5,GSP,DCLN2,KP27,R2,R6
49537,B,1,HIN2,GMR5,GSP,DCLN2,KP27,R2,R6
1046,B,1,HIN2,GMR5,GSP,DCLN2,KP27,R2,R6
1396,B,1,HIN2,GMR5,GSP,DCLN2,KP27,R2,R6
46716,B,1,HIN2,GMR5,GSP,DCLN2,KP27,R2,R6
762,G,1,HIN2,GMR5,GSP,DCLN2,KP27,R2,R6
49667,B,1,HIN2,GMR5,GSP,DCLN2,KP27,R2,R6
48810,B,1,HIN2,GMR5,GSP,DCLN2,KP27,R2,R6
37009,B,1,HIN2,GMR5,GSP,DCLN2,KP27,R2,R6
870,G,1,HIN2,GMR5,GSP,DCLN2,KP27,R2,R6
38451,B,1,HIN2,GMR5,GSP,DCLN2,KP27,R2,R6
1487,B,1,HIN2,GMR5,GSP,DCLN2,KP27,R2,R6
45384,B,1,HIN2,GMR5,GSP,DCLN2,KP27,R2,R6
2418,B,1,HIN2,GMR5,GSP,DCLN2,KP27,R2,R6
32130,B,1,HIN2,GMR5,GSP,DCLN2,KP27,R2,R6
1224,B,1,HIN2,GMR5,GSP,DCLN2,KP27,R2,R6
25654,B,1,HIN1,GMR5,GSP,DCLN2,JP22,R2,R6
1496,B,1,HIN1,GMR5,GSP,DCLN2,JP22,R2,R6
30574,B,1,HIN1,GMR5,GSP,DCLN2,JP22,R2,R6
31367,B,1,HIN1,GMR5,GSP,DCLN2,JP22,R2,R6
2646,B,1,HIN1,GMR5,GSP,DCLN2,JP22,R2,R6
32656,B,1,HIN1,GMR5,GSP,DCLN2,JP22,R2,R6
2882,B,1,HIN1,GMR5,GSP,DCLN2,JP22,R2,R6
31319,B,1,HIN1,GMR5,GSP,DCLN2,JP22,R2,R6
3918,B,1,HIN1,GMR5,GSP,DCLN2,JP22,R2,R6
32991,B,1,HIN1,GMR5,GSP,DCLN2,JP22,R2,R6
4279,B,1,HIN1,GMR5,GSP,DCLN2,JP22,R2,R6
28647,B,1,HIN1,GMR5,GSP,DCLN2,JP22,R2,R6
5192,B,1,HIN1,GMR5,GSP,DCLN2,JP22,R2,R6
30077,B,1,HIN1,GMR5,GSP,DCLN2,JP22,R2,R6
4926,B,1,HIN1,GMR5,GSP,DCLN2,JP22,R2,R6
32665,B,1,HIN1,GMR5,GSP,DCLN2,JP22,R2,R6
5980,B,1,HIN1,GMR5,GSP,DCLN2,JP22,R2,R6
32300,B,2,HIN1,GMR5,GSP,DCLN2,JP22,R2,R6
6258,B,1,HIN1,GMR5,GSP,DCLN2,JP22,R2,R6
32462,B,1,HIN1,GMR5,GSP,DCLN2,JP22,R2,R6
6746,B,1,HIN1,GMR5,GSP,DCLN2,JP22,R2,R6
33344,B,2,HIN1,GMR5,GSP,DCLN2,JP22,R2,R6
5888,B,1,HIN1,GMR5,GSP,DCLN2,JP22,R2,R6
30083,B,1,HIN1,GMR5,GSP,DCLN2,JP22,R2,R6
7252,B,1,HIN1,GMR5,GSP,DCLN2,JP22,R2,R6
10786,B,0,HIN2,GMR5,GSP,DCLN2,JP22,R2,R4
23274,B,0,HIN2,GMR5,GSP,DCLN2,JP22,R2,R5
6730,B,0,HIN2,GMR5,GSP,DCLN2,JP22,R2,R4
20947,B,0,HIN2,GMR5,GSP,DCLN2,JP22,R2,R5
8188,B,0,HIN2,GMR5,GSP,DCLN2,JP22,R2,R4
21199,B,0,HIN2,GMR5,GSP,DCLN2,JP22,R2,R5
8765,B,0,HIN2,GMR5,GSP,DCLN2,JP22,R2,R4
22197,B,0,HIN2,GMR5,GSP,DCLN2,JP22,R2,R5
23914,B,0,HIN2,GMR5,GSP,DCLN2,JP22,R2,R4
10177,B,0,HIN2,GMR5,GSP,DCLN2,JP22,R2,R4
21981,B,0,HIN2,GMR5,GSP,DCLN2,JP22,R2,R5
9816,B,0,HIN2,GMR5,GSP,DCLN2,JP22,R2,R4
24208,B,0,HIN2,GMR5,GSP,DCLN2,JP22,R2,R5
9939,B,0,HIN2,GMR5,GSP,DCLN2,JP22,R2,R4
22964,B,0,HIN2,GMR5,GSP,DCLN2,JP22,R2,R5
9846,B,0,HIN2,GMR5,GSP,DCLN2,JP22,R2,R4
22627,B,0,HIN2,GMR5,GSP,DCLN2,JP22,R2,R5
9603,B,0,HIN2,GMR5,GSP,DCLN2,JP22,R2,R4
23308,B,0,HIN2,GMR5,GSP,DCLN2,JP22,R2,R5
9904,B,0,HIN2,GMR5,GSP,DCLN2,JP22,R2,R4
23380,B,0,HIN2,GMR5,GSP,DCLN2,JP22,R2,R4
12024,B,0,HIN2,GMR5,GSP,DCLN2,JP22,R2,R4
23760,B,0,HIN2,GMR5,GSP,DCLN2,JP22,R2,R4
10995,B,0,HIN2,GMR5,GSP,DCLN2,JP22,R2,R4
7086,B,0,HIN2,GMR3,GSP,DCLN2,KP17,R2,R6
4420,B,0,HIN2,GMR3,GSP,DCLN2,KP17,R2,R6
4400,B,0,HIN2,GMR3,GSP,DCLN2,KP17,R2,R6
6697,B,0,HIN2,GMR3,GSP,DCLN2,KP17,R2,R6
7978,B,0,HIN2,GMR3,GSP,DCLN2,KP17,R2,R6
3869,B,0,HIN2,GMR3,GSP,DCLN2,KP17,R2,R6
7980,B,0,HIN2,GMR3,GSP,DCLN2,KP17,R2,R6
4356,B,0,HIN2,GMR3,GSP,DCLN2,KP17,R2,R6
7367,B,0,HIN2,GMR3,GSP,DCLN2,KP17,R2,R6
7857,B,0,HIN2,GMR3,GSP,DCLN2,KP17,R2,R6
3894,B,0,HIN2,GMR3,GSP,DCLN2,KP17,R2,R6
7573,B,0,HIN2,GMR3,GSP,DCLN2,KP17,R2,R6
4932,B,0,HIN2,GMR3,GSP,DCLN2,KP17,R2,R6
7360,B,0,HIN2,GMR3,GSP,DCLN2,KP17,R2,R6
4277,B,0,HIN2,GMR3,GSP,DCLN2,KP17,R2,R6
7341,B,0,HIN2,GMR3,GSP,DCLN2,KP17,R2,R6
4518,B,0,HIN2,GMR3,GSP,DCLN2,KP17,R2,R6
7044,B,0,HIN2,GMR3,GSP,DCLN2,KP17,R2,R6
4101,B,0,HIN2,GMR3,GSP,DCLN2,KP17,R2,R6
7082,B,0,HIN2,GMR3,GSP,DCLN2,KP17,R2,R6
10108,B,0,HIN1,GMR5,GSP,DCLN2,JP22,R2,R13
10365,B,0,HIN1,GMR5,GSP,DCLN2,JP22,R2,R13
10599,B,0,HIN1,GMR5,GSP,DCLN2,JP22,R2,R13
10140,B,0,HIN1,GMR5,GSP,DCLN2,JP22,R2,R13
10369,B,0,HIN1,GMR5,GSP,DCLN2,JP22,R2,R13
23724,B,0,HIN1,GMR5,GSP,DCLN2,JP22,R2,R13
69895,B,0,HIN1,GMR5,GSP,DCLN2,JP22,R2,R13
43157,B,0,HIN1,GMR5,GSP,DCLN2,JP22,R2,R13
43927,B,0,HIN1,GMR5,GSP,DCLN2,JP22,R2,R13
40670,B,0,HIN1,GMR5,GSP,DCLN2,JP22,R2,R13
9086,B,0,HIN1,GMR5,GSP,DCLN2,JP22,R2,R13
25882,B,0,HIN1,GMR5,GSP,DCLN2,JP22,R2,R13
24826,B,0,HIN1,GMR5,GSP,DCLN2,JP22,R2,R13
12439,B,0,HIN1,GMR5,GSP,DCLN2,JP22,R2,R13
81155,B,0,HIN1,GMR5,GSP,DCLN2,JP22,R2,R13
14068,B,0,HIN1,GMR5,GSP,DCLN2,JP22,R2,R13
47625,B,0,HIN1,GMR5,GSP,DCLN2,JP22,R2,R13
10819,B,0,HIN1,GMR5,GSP,DCLN2,JP22,R2,R13
24290,B,0,HIN1,GMR5,GSP,DCLN2,JP22,R2,R4
81924,B,0,HIN1,GMR5,GSP,DCLN2,JP22,R2,R13
25972,B,0,HIN1,GMR5,GSP,DCLN2,JP22,R2,R13
13337,B,0,HIN1,GMR5,GSP,DCLN2,JP22,R2,R1
5601,B,0,HIN2,GMR5,JSG1,DCLN1,KP17,R1,R9
3116,B,0,HIN2,GMR5,JSG1,DCLN1,KP17,R1,R9
7908,B,0,HIN2,GMR5,JSG1,DCLN1,KP17,R1,R9
13229,B,0,HIN2,GMR5,JSG1,DCLN1,KP17,R1,R9
5096,B,0,HIN2,GMR5,JSG1,DCLN1,KP17,R1,R9
3086,B,0,HIN2,GMR5,JSG1,DCLN1,KP17,R1,R9
2506,B,0,HIN2,GMR5,JSG1,DCLN1,KP17,R1,R9
18984,B,0,HIN2,GMR5,JSG1,DCLN1,KP17,R1,R9
2911,B,0,HIN2,GMR5,JSG1,DCLN1,KP17,R1,R9
1438,B,0,HIN2,GMR5,JSG1,DCLN1,KP17,R1,R9
7899,B,0,HIN2,GMR5,JSG1,DCLN1,KP17,R1,R9
3183,B,0,HIN2,GMR5,JSG1,DCLN1,KP17,R1,R9
6919,B,0,HIN2,GMR5,JSG1,DCLN1,KP17,R1,R11
2508,B,0,HIN2,GMR5,JSG1,DCLN1,KP17,R1,R9
18158,B,0,HIN2,GMR5,JSG1,DCLN1,KP17,R1,R9
2748,B,0,HIN2,GMR5,JSG1,DCLN1,KP17,R1,R9
8519,B,0,HIN2,GMR5,JSG1,DCLN1,KP17,R1,R9
2757,B,0,HIN2,GMR5,JSG1,DCLN1,KP17,R1,R9
7169,B,0,HIN2,GMR5,JSG1,DCLN1,KP17,R1,R9
41679,B,0,HIN1,GMR7,GSS,DCLN2,JP22,R2,R13
53,G,0,HIN1,GMR7,GSS,DCLN2,JP22,R2,R13
1082,B,0,HIN1,GMR7,GSS,DCLN2,JP22,R2,R13
70,G,0,HIN1,GMR7,GSS,DCLN2,JP22,R2,R13
185,G,0,HIN1,GMR7,GSS,DCLN2,JP22,R2,R13
47,G,0,HIN1,GMR7,GSS,DCLN2,JP22,R2,R13
125,G,0,HIN1,GMR7,GSS,DCLN2,JP22,R2,R13
63,G,0,HIN1,GMR7,GSS,DCLN2,JP22,R2,R13
147,G,0,HIN1,GMR7,GSS,DCLN2,JP22,R2,R13
483,G,0,HIN1,GMR7,GSS,DCLN2,JP22,R2,R13
151,G,0,HIN1,GMR7,GSS,DCLN2,JP22,R2,R13
50,G,0,HIN1,GMR7,GSS,DCLN2,JP22,R2,R13
151,G,0,HIN1,GMR7,GSS,DCLN2,JP22,R2,R13
46,G,0,HIN1,GMR7,GSS,DCLN2,JP22,R2,R13
7669,B,0,HIN1,GMR7,GSS,DCLN2,JP22,R2,R13
118,G,0,HIN1,GMR7,GSS,DCLN2,JP22,R2,R13
56,G,0,HIN1,GMR7,GSS,DCLN2,JP22,R2,R13
49,G,0,HIN1,GMR7,GSS,DCLN2,JP22,R2,R13
156,G,0,HIN1,GMR7,GSS,DCLN2,JP22,R2,R13
25345,B,0,HIN1,GMR7,GSS,DCLN2,JP22,R2,R13
24425,B,0,HIN1,GMR7,GSS,DCLN2,JP22,R2,R13
96,G,0,HIN1,GMR7,GSS,DCLN2,JP22,R2,R13
128,G,0,HIN1,GMR7,GSS,DCLN2,JP22,R2,R13
77,G,0,HIN1,GMR7,GSS,DCLN2,JP22,R2,R13
19262,B,0,HIN1,GMR7,GSS,DCLN2,JP22,R2,R13
11677,B,0,HIN1,GMR5,GSP,DCLN2,JP22,R2,R6
21102,B,0,HIN1,GMR5,GSP,DCLN2,JP22,R2,R6
11430,B,0,HIN1,GMR5,GSP,DCLN2,JP22,R2,R6
22197,B,0,HIN1,GMR5,GSP,DCLN2,JP22,R2,R6
9642,B,0,HIN1,GMR5,GSP,DCLN2,JP22,R2,R6
23455,B,0,HIN1,GMR5,GSP,DCLN2,JP22,R2,R6
10458,B,0,HIN1,GMR5,GSP,DCLN2,JP22,R2,R6
21953,B,0,HIN1,GMR5,GSP,DCLN2,JP22,R2,R6
11814,B,0,HIN1,GMR5,GSP,DCLN2,JP22,R2,R6
20552,B,0,HIN1,GMR5,GSP,DCLN2,JP22,R2,R6
9635,B,0,HIN1,GMR5,GSP,DCLN2,JP22,R2,R6
20608,B,0,HIN1,GMR5,GSP,DCLN2,JP22,R2,R6
9474,B,0,HIN1,GMR5,GSP,DCLN2,JP22,R2,R6
29461,B,0,HIN1,GMR5,GSP,DCLN2,JP22,R2,R6
14479,B,0,HIN1,GMR5,GSP,DCLN2,JP22,R2,R6
23233,B,0,HIN1,GMR5,GSP,DCLN2,JP22,R2,R6
10739,B,0,HIN1,GMR5,GSP,DCLN2,JP22,R2,R6
20639,B,0,HIN1,GMR5,GSP,DCLN2,JP22,R2,R6
10281,B,0,HIN1,GMR5,GSP,DCLN2,JP22,R2,R6
21785,B,0,HIN1,GMR5,GSP,DCLN2,JP22,R2,R6
10361,B,0,HIN1,GMR5,GSP,DCLN2,JP22,R2,R6
2913,B,0,HIN2,GMR5,GSS,DCLN2,KP27,R2,R13
16450,B,0,HIN2,GMR5,GSS,DCLN2,KP27,R2,R13
3833,B,0,HIN2,GMR5,GSS,DCLN2,KP27,R2,R13
13317,B,0,HIN2,GMR5,GSS,DCLN2,KP27,R2,R13
2744,B,0,HIN2,GMR5,GSS,DCLN2,KP27,R2,R13
11321,B,0,HIN2,GMR5,GSS,DCLN2,KP27,R2,R1
14487,B,0,HIN2,GMR5,GSS,DCLN2,KP27,R2,R1
2208,B,0,HIN2,GMR5,GSS,DCLN2,KP27,R2,R1
14027,B,0,HIN2,GMR5,GSS,DCLN2,KP27,R2,R1
2533,B,0,HIN2,GMR5,GSS,DCLN2,KP27,R2,R1
19820,B,0,HIN2,GMR5,GSS,DCLN2,KP27,R2,R1
2494,B,0,HIN2,GMR5,GSS,DCLN2,KP27,R2,R1
17790,B,0,HIN2,GMR5,GSS,DCLN2,KP27,R2,R1
3007,B,0,HIN2,GMR5,GSS,DCLN2,KP27,R2,R1
17418,B,0,HIN2,GMR5,GSS,DCLN2,KP27,R2,R1
4220,B,0,HIN2,GMR5,GSS,DCLN2,KP27,R2,R13
3278,B,0,HIN2,GMR5,GSS,DCLN2,KP27,R2,R13
5739,B,0,HIN2,GMR5,GSS,DCLN2,KP27,R2,R13
8152,B,0,HIN2,GMR5,GSS,DCLN2,KP27,R2,R13
4083,B,0,HIN2,GMR5,GSS,DCLN2,KP27,R2,R13
14994,B,0,HIN2,GMR5,GSS,DCLN2,KP27,R2,R13
2711,B,0,HIN2,GMR5,GSS,DCLN2,KP27,R2,R4
13965,B,0,HIN2,GMR5,GSS,DCLN2,KP27,R2,R4
3569,B,1,HIN4,GMR3,GSP,DCLN2,KP27,R2,R6
101,G,1,HIN4,GMR3,GSP,DCLN2,KP27,R2,R6
3479,B,1,HIN4,GMR3,GSP,DCLN2,KP27,R2,R6
77,G,1,HIN4,GMR3,GSP,DCLN2,KP27,R2,R6
3326,B,1,HIN4,GMR3,GSP,DCLN2,KP27,R2,R6
79,G,1,HIN4,GMR3,GSP,DCLN2,KP27,R2,R6
3156,B,1,HIN4,GMR3,GSP,DCLN2,KP27,R2,R6
111,G,1,HIN4,GMR3,GSP,DCLN2,KP27,R2,R6
3884,B,1,HIN4,GMR3,GSP,DCLN2,KP27,R2,R6
73,G,1,HIN4,GMR3,GSP,DCLN2,KP27,R2,R6
5035,B,1,HIN4,GMR3,GSP,DCLN2,KP27,R2,R6
87,G,1,HIN4,GMR3,GSP,DCLN2,KP27,R2,R6
3206,B,1,HIN4,GMR3,GSP,DCLN2,KP27,R2,R6
147,G,1,HIN4,GMR3,GSP,DCLN2,KP27,R2,R6
3657,B,1,HIN4,GMR3,GSP,DCLN2,KP27,R2,R6
76,G,1,HIN4,GMR3,GSP,DCLN2,KP27,R2,R6
3685,B,1,HIN4,GMR3,GSP,DCLN2,KP27,R2,R6
88,G,1,HIN4,GMR3,GSP,DCLN2,KP27,R2,R6
3166,B,1,HIN4,GMR3,GSP,DCLN2,KP27,R2,R6
98,G,1,HIN4,GMR3,GSP,DCLN2,KP27,R2,R6
3842,B,1,HIN4,GMR3,GSP,DCLN2,KP27,R2,R6
106,G,1,HIN4,GMR3,GSP,DCLN2,KP27,R2,R6
8334,B,0,HIN1,GMR3,GSP,DCLN2,KP27,R1,R11
135,G,0,HIN1,GMR3,GSP,DCLN2,KP27,R1,R11
8076,B,0,HIN1,GMR3,GSP,DCLN2,KP27,R1,R7
123,G,0,HIN4,GMR3,GSE,DCLN1,HP16,R2,R13
149,G,0,HIN4,GMR3,GSE,DCLN1,HP16,R2,R13
33226,B,0,HIN4,GMR3,GSE,DCLN1,HP16,R2,R13
29367,B,0,HIN4,GMR3,GSE,DCLN1,HP16,R2,R13
540,G,0,HIN4,GMR3,GSE,DCLN1,HP16,R2,R13
49483,B,0,HIN4,GMR3,GSE,DCLN1,HP16,R2,R13
9699,B,0,HIN4,GMR3,GSE,DCLN1,HP16,R2,R13
222,G,0,HIN4,GMR3,GSE,DCLN1,HP16,R2,R13
8972,B,0,HIN4,GMR3,GSE,DCLN1,HP16,R2,R13
44194,B,0,HIN4,GMR3,GSE,DCLN1,HP16,R2,R13
288,G,0,HIN4,GMR3,GSE,DCLN1,HP16,R2,R13
425,G,0,HIN4,GMR3,GSE,DCLN1,HP16,R2,R13
34471,B,0,HIN4,GMR3,GSE,DCLN1,HP16,R2,R13
108070,B,0,HIN4,GMR3,GSE,DCLN1,HP16,R2,R13
36501,B,0,HIN4,GMR3,GSE,DCLN1,HP16,R2,R13
300,G,0,HIN4,GMR3,GSE,DCLN1,HP16,R2,R13
29891,B,0,HIN4,GMR3,GSE,DCLN1,HP16,R1,R12
115,G,0,KIN4,GMR7,JSG1,DCLN1,KP10,R1,R7
69,G,0,KIN4,GMR7,JSG1,DCLN1,KP10,R1,R9
44,G,0,KIN4,GMR7,JSG1,DCLN1,KP10,R1,R12
60,G,0,KIN4,GMR7,JSG1,DCLN1,KP10,R1,R11
49,G,0,KIN4,GMR7,JSG1,DCLN1,KP10,R1,R7
46,G,0,KIN4,GMR7,JSG1,DCLN1,KP10,R1,R12
62,G,0,KIN4,GMR7,JSG1,DCLN1,KP10,R1,R10
74,G,0,KIN4,GMR7,JSG1,DCLN1,KP10,R1,R9
30,G,0,KIN4,GMR7,JSG1,DCLN1,KP10,R1,R8
125,G,0,KIN4,GMR7,JSG1,DCLN1,KP10,R1,R9
44,G,0,KIN4,GMR7,JSG1,DCLN1,KP10,R1,R9
56,G,0,KIN4,GMR7,JSG1,DCLN1,KP10,R1,R9
67,G,0,KIN4,GMR7,JSG1,DCLN1,KP10,R1,R9
64,G,0,KIN4,GMR7,JSG1,DCLN1,KP10,R1,R9
43,G,0,KIN4,GMR7,JSG1,DCLN1,KP10,R1,R9
54,G,0,KIN4,GMR7,JSG1,DCLN1,KP10,R1,R9
34,G,0,KIN4,GMR7,JSG1,DCLN1,KP10,R1,R11
26,G,0,KIN4,GMR7,JSG1,DCLN1,KP10,R1,R11
72,G,0,KIN4,GMR7,JSG1,DCLN1,KP10,R1,R9
48,G,0,KIN4,GMR7,JSG1,DCLN1,KP10,R1,R9
38,G,0,KIN4,GMR7,JSG1,DCLN1,KP10,R1,R11
40,G,0,KIN4,GMR7,JSG1,DCLN1,KP10,R1,R11
60,G,0,KIN4,GMR7,JSG1,DCLN1,KP10,R1,R11
59,G,0,KIN4,GMR7,JSG1,DCLN1,KP10,R1,R9
71,G,0,KIN4,GMR7,JSG1,DCLN1,KP10,R1,R9
3857,B,1,KIN4,GMR5,GSP,DCLN2,KP17,R2,R6
5567,B,1,KIN4,GMR5,GSP,DCLN2,KP17,R2,R6
7477,B,1,KIN4,GMR5,GSP,DCLN2,KP17,R2,R6
15017,B,1,KIN4,GMR5,GSP,DCLN2,KP17,R2,R6
3318,B,1,KIN4,GMR5,GSP,DCLN2,KP17,R2,R6
3770,B,1,KIN4,GMR5,GSP,DCLN2,KP17,R2,R6
4969,B,2,KIN4,GMR5,GSP,DCLN2,KP17,R2,R6
3399,B,1,KIN4,GMR5,GSP,DCLN2,KP17,R2,R6
4738,B,1,KIN4,GMR5,GSP,DCLN2,KP17,R2,R6
3802,B,1,KIN4,GMR5,GSP,DCLN2,KP17,R2,R6
4124,B,1,KIN4,GMR5,GSP,DCLN2,KP17,R2,R6
5512,B,1,KIN4,GMR5,GSP,DCLN2,KP17,R2,R6
4058,B,1,KIN4,GMR5,GSP,DCLN2,KP17,R2,R6
5199,B,2,KIN4,GMR5,GSP,DCLN2,KP17,R2,R6
3503,B,1,KIN4,GMR5,GSP,DCLN2,KP17,R2,R6
4801,B,1,KIN4,GMR5,GSP,DCLN2,KP17,R2,R6
3690,B,1,KIN4,GMR5,GSP,DCLN2,KP17,R2,R6
5787,B,1,KIN4,GMR5,GSP,DCLN2,KP17,R2,R6
4003,B,1,KIN4,GMR5,GSP,DCLN2,KP17,R2,R6
103,G,1,KIN4,GMR7,GSP,DCLN2,JP22,R2,R6
111,G,1,KIN4,GMR7,GSP,DCLN2,JP22,R2,R6
3699,B,1,KIN4,GMR7,GSP,DCLN2,JP22,R2,R6
3334,B,1,KIN4,GMR7,GSP,DCLN2,JP22,R2,R6
96,G,1,KIN4,GMR7,GSP,DCLN2,JP22,R2,R6
3488,B,1,KIN4,GMR7,GSP,DCLN2,JP22,R2,R6
95,G,1,KIN4,GMR7,GSP,DCLN2,JP22,R2,R6
105,G,1,KIN4,GMR7,GSP,DCLN2,JP22,R2,R6
3682,B,1,KIN4,GMR7,GSP,DCLN2,JP22,R2,R6
4646,B,1,KIN4,GMR7,GSP,DCLN2,JP22,R2,R6
73,G,1,KIN4,GMR7,GSP,DCLN2,JP22,R2,R6
3934,B,1,KIN4,GMR7,GSP,DCLN2,JP22,R2,R6
86,G,1,KIN4,GMR7,GSP,DCLN2,JP22,R2,R6
107,G,3,KIN4,GMR7,GSP,DCLN2,JP22,R2,R6
3145,B,1,KIN4,GMR7,GSP,DCLN2,JP22,R2,R6
3030,B,1,KIN4,GMR7,GSP,DCLN2,JP22,R2,R6
90,G,1,KIN4,GMR7,GSP,DCLN2,JP22,R2,R6
4364,B,1,KIN4,GMR7,GSP,DCLN2,JP22,R2,R6
109,G,1,KIN4,GMR7,GSP,DCLN2,JP22,R2,R6
339,G,1,KIN4,GMR7,GSP,DCLN2,JP22,R2,R6
3246,B,1,KIN4,GMR7,GSP,DCLN2,JP22,R2,R6
3349,B,0,KIN4,GMR3,GSS,DCLN2,KP04,R2,R13
13911,B,0,KIN4,GMR3,GSS,DCLN2,KP04,R2,R13
1137,B,0,KIN4,GMR3,GSS,DCLN2,KP04,R2,R13
18939,B,0,KIN4,GMR3,GSS,DCLN2,KP04,R2,R13
11247,B,0,KIN4,GMR3,GSS,DCLN2,KP04,R2,R13
600,G,0,KIN4,GMR3,GSS,DCLN2,KP04,R2,R13
1239,B,0,KIN4,GMR3,GSS,DCLN2,KP04,R2,R13
489,G,0,KIN4,GMR3,GSS,DCLN2,KP04,R2,R13
18702,B,0,HIN2,GMR5,GSP,DCLN2,JP22,R2,R13
2611,B,0,HIN2,GMR5,GSP,DCLN2,JP22,R2,R13
73311,B,0,HIN2,GMR5,GSP,DCLN2,JP22,R2,R13
3129,B,0,HIN2,GMR5,GSP,DCLN2,JP22,R2,R13
22013,B,0,HIN2,GMR5,GSP,DCLN2,JP22,R2,R13
16638,B,0,HIN2,GMR5,GSP,DCLN2,JP22,R2,R13
24039,B,0,HIN2,GMR5,GSP,DCLN2,JP22,R2,R13
3620,B,0,HIN2,GMR5,GSP,DCLN2,JP22,R2,R13
25170,B,0,HIN2,GMR5,GSP,DCLN2,JP22,R2,R13
3720,B,0,HIN2,GMR5,GSP,DCLN2,JP22,R2,R13
32886,B,0,HIN2,GMR5,GSP,DCLN2,JP22,R2,R13
5027,B,0,HIN2,GMR5,GSP,DCLN2,JP22,R2,R13
3797,B,0,HIN2,GMR5,GSP,DCLN2,JP22,R2,R13
30009,B,0,HIN2,GMR5,GSP,DCLN2,JP22,R2,R13
30293,B,0,HIN2,GMR5,GSP,DCLN2,JP22,R2,R13
3688,B,0,HIN2,GMR5,GSP,DCLN2,JP22,R2,R13
32600,B,0,HIN2,GMR5,GSP,DCLN2,JP22,R2,R13
4681,B,0,HIN2,GMR5,GSP,DCLN2,JP22,R2,R13
36620,B,0,HIN2,GMR5,GSP,DCLN2,JP22,R2,R13
5428,B,0,HIN2,GMR5,GSP,DCLN2,JP22,R2,R13
26261,B,0,HIN2,GMR5,GSP,DCLN2,JP22,R2,R13
900,B,1,HIN1,GMR5,GSS,DCLN2,JP22,R2,R6
26432,B,1,HIN1,GMR5,GSS,DCLN2,JP22,R2,R6
1198,B,1,HIN1,GMR5,GSS,DCLN2,JP22,R2,R6
24184,B,2,HIN1,GMR5,GSS,DCLN2,JP22,R2,R6
995,B,2,HIN1,GMR5,GSS,DCLN2,JP22,R2,R6
22134,B,1,HIN1,GMR5,GSS,DCLN2,JP22,R2,R6
1237,B,1,HIN1,GMR5,GSS,DCLN2,JP22,R2,R6
28085,B,1,HIN1,GMR5,GSS,DCLN2,JP22,R2,R6
1337,B,1,HIN1,GMR5,GSS,DCLN2,JP22,R2,R6
29655,B,1,HIN1,GMR5,GSS,DCLN2,JP22,R2,R6
1402,B,1,HIN1,GMR5,GSS,DCLN2,JP22,R2,R6
8934,B,1,HIN1,GMR5,GSS,DCLN2,JP22,R2,R6
1704,B,1,HIN1,GMR5,GSS,DCLN2,JP22,R2,R6
10275,B,1,HIN1,GMR5,GSS,DCLN2,JP22,R2,R6
1895,B,1,HIN1,GMR5,GSS,DCLN2,JP22,R2,R6
12221,B,1,HIN1,GMR5,GSS,DCLN2,JP22,R2,R6
2232,B,1,HIN1,GMR5,GSS,DCLN2,JP22,R2,R6
13954,B,1,HIN1,GMR5,GSS,DCLN2,JP22,R2,R6
2160,B,1,HIN1,GMR5,GSS,DCLN2,JP22,R2,R6
3237,B,1,HIN1,GMR5,GSS,DCLN2,JP22,R2,R6
4495,B,1,HIN1,GMR5,GSP,DCLN2,KP17,R2,R6
1006,B,1,HIN1,GMR5,GSP,DCLN2,KP17,R2,R6
4126,B,1,HIN1,GMR5,GSP,DCLN2,KP17,R2,R6
1098,B,1,HIN1,GMR5,GSP,DCLN2,KP17,R2,R6
3794,B,2,HIN1,GMR5,GSP,DCLN2,KP17,R2,R6
833,G,1,HIN1,GMR5,GSP,DCLN2,KP17,R2,R6
3644,B,1,HIN1,GMR5,GSP,DCLN2,KP17,R2,R6
874,G,1,HIN1,GMR5,GSP,DCLN2,KP17,R2,R6
3441,B,1,HIN1,GMR5,GSP,DCLN2,KP17,R2,R6
1041,B,1,HIN1,GMR5,GSP,DCLN2,KP17,R2,R6
3609,B,1,HIN1,GMR5,GSP,DCLN2,KP17,R2,R6
1010,B,1,HIN1,GMR5,GSP,DCLN2,KP17,R2,R6
4896,B,1,HIN1,GMR5,GSP,DCLN2,KP17,R2,R6
1142,B,2,HIN1,GMR5,GSP,DCLN2,KP17,R2,R6
3477,B,1,HIN1,GMR5,GSP,DCLN2,KP17,R2,R6
1081,B,1,HIN1,GMR5,GSP,DCLN2,KP17,R2,R6
4365,B,1,HIN1,GMR5,GSP,DCLN2,KP17,R2,R6
1137,B,1,HIN1,GMR5,GSP,DCLN2,KP17,R2,R6
3255,B,1,HIN1,GMR5,GSP,DCLN2,KP17,R2,R6
1157,B,2,HIN1,GMR5,GSP,DCLN2,KP17,R2,R6
4422,B,1,HIN1,GMR5,GSP,DCLN2,KP17,R2,R6
911,B,1,HIN1,GMR5,GSP,DCLN2,KP17,R2,R6
4630,B,1,HIN1,GMR5,GSP,DCLN2,KP17,R2,R6
125,G,0,HIN1,GMR5,GSP,DCLN2,KP21,R2,R5
121,G,0,HIN1,GMR5,GSP,DCLN2,KP21,R2,R5
13780,B,0,HIN1,GMR5,GSP,DCLN2,KP21,R2,R5
145,G,0,HIN1,GMR5,GSP,DCLN2,KP21,R2,R5
148,G,0,HIN1,GMR5,GSP,DCLN2,KP21,R2,R5
157,G,0,HIN1,GMR5,GSP,DCLN2,KP21,R2,R5
169,G,0,HIN1,GMR5,GSP,DCLN2,KP21,R2,R5
145,G,0,HIN1,GMR5,GSP,DCLN2,KP21,R2,R5
160,G,0,HIN1,GMR5,GSP,DCLN2,KP21,R2,R5
172,G,0,HIN1,GMR5,GSP,DCLN2,KP21,R2,R5
178,G,0,HIN1,GMR5,GSP,DCLN2,KP21,R2,R5
499,G,0,HIN1,GMR5,GSP,DCLN2,KP21,R2,R5
178,G,0,HIN1,GMR5,GSP,DCLN2,KP21,R2,R5
121,G,0,HIN1,GMR5,GSP,DCLN2,KP21,R2,R5
163,G,0,HIN1,GMR5,GSP,DCLN2,KP21,R2,R5
156,G,0,HIN1,GMR5,GSP,DCLN2,KP21,R2,R5
176,G,0,HIN1,GMR5,GSP,DCLN2,KP21,R2,R5
7203,B,0,HIN1,GMR5,GSP,DCLN2,KP21,R2,R5
163,G,0,HIN1,GMR5,GSP,DCLN2,KP21,R2,R5
142,G,0,HIN1,GMR5,GSP,DCLN2,KP21,R2,R5
4776,B,0,HIN4,GMR5,GSS,DCLN2,KP04,R2,R1
17460,B,0,HIN4,GMR5,GSS,DCLN2,KP04,R2,R1
5695,B,0,HIN4,GMR5,GSS,DCLN2,KP04,R2,R1
5941,B,0,HIN4,GMR5,GSS,DCLN2,KP04,R2,R1
5389,B,0,HIN4,GMR5,GSS,DCLN2,KP04,R2,R1
7051,B,0,HIN4,GMR5,GSS,DCLN2,KP04,R2,R1
6474,B,0,HIN4,GMR5,GSS,DCLN2,KP04,R2,R5
5722,B,0,HIN4,GMR5,GSS,DCLN2,KP04,R2,R5
7494,B,0,HIN4,GMR5,GSS,DCLN2,KP04,R2,R5
7444,B,0,HIN4,GMR5,GSS,DCLN2,KP04,R2,R4
7751,B,0,HIN4,GMR5,GSS,DCLN2,KP04,R2,R5
6851,B,0,HIN4,GMR5,GSS,DCLN2,KP04,R2,R5
8945,B,0,HIN4,GMR5,GSS,DCLN2,KP04,R2,R5
7970,B,0,HIN4,GMR5,GSS,DCLN2,KP04,R2,R5
4224,B,0,HIN4,GMR5,JSG1,DCLN1,KP17,R1,R9
5343,B,0,HIN4,GMR5,JSG1,DCLN1,KP17,R1,R9
3681,B,0,HIN4,GMR5,JSG1,DCLN1,KP17,R1,R8
4249,B,0,HIN4,GMR5,JSG1,DCLN1,KP17,R1,R9
4224,B,0,HIN4,GMR5,JSG1,DCLN1,KP17,R1,R9
13335,B,0,HIN4,GMR5,JSG1,DCLN1,KP17,R1,R9
3976,B,0,HIN4,GMR5,JSG1,DCLN1,KP17,R1,R9
4676,B,0,HIN4,GMR5,JSG1,DCLN1,KP17,R1,R9
3755,B,0,HIN4,GMR5,JSG1,DCLN1,KP17,R1,R9
4492,B,0,HIN4,GMR5,JSG1,DCLN1,KP17,R1,R9
4245,B,0,HIN4,GMR5,JSG1,DCLN1,KP17,R1,R9
5043,B,0,HIN4,GMR5,JSG1,DCLN1,KP17,R1,R9
4735,B,0,HIN4,GMR5,JSG1,DCLN1,KP17,R1,R11
2949,B,0,HIN4,GMR5,JSG1,DCLN1,KP17,R1,R10
4123,B,0,HIN4,GMR5,JSG1,DCLN1,KP17,R1,R9
2891,B,0,HIN4,GMR5,JSG1,DCLN1,KP17,R1,R9
4517,B,0,HIN4,GMR5,JSG1,DCLN1,KP17,R1,R9
4752,B,0,HIN4,GMR5,JSG1,DCLN1,KP17,R1,R12
4296,B,1,HIN2,GMR5,GSP,DCLN2,KP17,R2,R6
6182,B,1,HIN2,GMR5,GSP,DCLN2,KP17,R2,R6
4836,B,1,HIN2,GMR5,GSP,DCLN2,KP17,R2,R6
4876,B,1,HIN2,GMR5,GSP,DCLN2,KP17,R2,R6
4563,B,1,HIN2,GMR5,GSP,DCLN2,KP17,R2,R6
5146,B,1,HIN2,GMR5,GSP,DCLN2,KP17,R2,R6
5257,B,1,HIN2,GMR5,GSP,DCLN2,KP17,R2,R6
5661,B,1,HIN2,GMR5,GSP,DCLN2,KP17,R2,R6
5053,B,1,HIN2,GMR5,GSP,DCLN2,KP17,R2,R6
5313,B,1,HIN2,GMR5,GSP,DCLN2,KP17,R2,R6
4984,B,1,HIN2,GMR5,GSP,DCLN2,KP17,R2,R6
5246,B,1,HIN2,GMR5,GSP,DCLN2,KP17,R2,R6
5120,B,1,HIN2,GMR5,GSP,DCLN2,KP17,R2,R6
5342,B,1,HIN2,GMR5,GSP,DCLN2,KP17,R2,R6
5509,B,1,HIN2,GMR5,GSP,DCLN2,KP17,R2,R6
4711,B,1,HIN2,GMR5,GSP,DCLN2,KP17,R2,R6
5343,B,1,HIN2,GMR5,GSP,DCLN2,KP17,R2,R6
4872,B,1,HIN2,GMR5,GSP,DCLN2,KP17,R2,R6
149,G,0,HIN1,GMR5,JSG1,DCLN1,KP10,R2,R13
239,G,0,HIN1,GMR5,JSG1,DCLN1,KP10,R2,R13
151,G,0,HIN1,GMR5,JSG1,DCLN1,KP10,R2,R13
148,G,0,HIN1,GMR5,JSG1,DCLN1,KP10,R2,R4
195,G,0,HIN1,GMR5,JSG1,DCLN1,KP10,R2,R4
145,G,0,HIN1,GMR5,JSG1,DCLN1,KP10,R2,R4
14632,B,0,HIN1,GMR5,JSG1,DCLN1,KP10,R2,R4
139,G,0,HIN1,GMR5,JSG1,DCLN1,KP10,R2,R4
3165,B,0,HIN1,GMR5,JSG1,DCLN1,KP10,R2,R13
1645,B,0,HIN1,GMR5,JSG1,DCLN1,KP10,R2,R13
298,G,0,HIN1,GMR5,JSG1,DCLN1,KP10,R2,R13
173,G,0,HIN1,GMR5,JSG1,DCLN1,KP10,R2,R13
180,G,0,HIN1,GMR5,JSG1,DCLN1,KP10,R2,R13
184,G,0,HIN1,GMR5,JSG1,DCLN1,KP10,R2,R13
1816,B,0,HIN1,GMR5,JSG1,DCLN1,KP10,R2,R13
198,G,0,HIN1,GMR5,JSG1,DCLN1,KP10,R2,R13
175,G,0,HIN1,GMR5,JSG1,DCLN1,KP10,R2,R13
181,G,0,HIN1,GMR5,JSG1,DCLN1,KP10,R2,R4
135,G,0,HIN1,GMR5,JSG1,DCLN1,KP10,R2,R4
209,G,0,HIN1,GMR5,JSG1,DCLN1,KP10,R2,R13
4842,B,0,HIN2,GMR5,GSP,DCLN2,KP17,R2,R13
4003,B,0,HIN2,GMR5,GSP,DCLN2,KP17,R2,R13
3971,B,0,HIN2,GMR5,GSP,DCLN2,KP17,R2,R13
3933,B,0,HIN2,GMR5,GSP,DCLN2,KP17,R2,R13
5394,B,0,HIN2,GMR5,GSP,DCLN2,KP17,R2,R13
3937,B,0,HIN2,GMR5,GSP,DCLN2,KP17,R2,R13
6156,B,0,HIN2,GMR5,GSP,DCLN2,KP17,R2,R13
4450,B,0,HIN2,GMR5,GSP,DCLN2,KP17,R2,R13
4645,B,0,HIN2,GMR5,GSP,DCLN2,KP17,R2,R13
4595,B,0,HIN2,GMR5,GSP,DCLN2,KP17,R2,R13
4959,B,0,HIN2,GMR5,GSP,DCLN2,KP17,R2,R1
4256,B,0,HIN2,GMR5,GSP,DCLN2,KP17,R2,R1
4633,B,0,HIN2,GMR5,GSP,DCLN2,KP17,R2,R1
5257,B,0,HIN2,GMR5,GSP,DCLN2,KP17,R2,R13
4512,B,0,HIN2,GMR5,GSP,DCLN2,KP17,R2,R13
4729,B,0,HIN2,GMR5,GSP,DCLN2,KP17,R2,R13
3895,B,0,HIN2,GMR5,GSP,DCLN2,KP17,R2,R13
4631,B,0,HIN2,GMR5,GSP,DCLN2,KP17,R2,R13
4530,B,0,HIN2,GMR5,GSP,DCLN2,KP17,R2,R13
104,G,0,HIN2,GMR7,GSS,DCLN2,JP22,R2,R13
3052,B,0,HIN2,GMR7,GSS,DCLN2,JP22,R2,R13
3333,B,0,HIN2,GMR7,GSS,DCLN2,JP22,R2,R13
8886,B,0,HIN2,GMR7,GSS,DCLN2,JP22,R2,R13
4033,B,0,HIN2,GMR7,GSS,DCLN2,JP22,R2,R13
23116,B,0,HIN2,GMR7,GSS,DCLN2,JP22,R2,R13
5282,B,0,HIN2,GMR7,GSS,DCLN2,JP22,R2,R13
2377,B,0,HIN2,GMR7,GSS,DCLN2,JP22,R2,R13
1768,B,0,HIN2,GMR7,GSS,DCLN2,JP22,R2,R13
94,G,0,HIN2,GMR7,GSS,DCLN2,JP22,R2,R13
1778,B,0,HIN2,GMR7,GSS,DCLN2,JP22,R2,R13
118,G,0,HIN2,GMR7,GSS,DCLN2,JP22,R2,R13
26795,B,0,HIN2,GMR7,GSS,DCLN2,JP22,R2,R13
89,G,0,HIN2,GMR7,GSS,DCLN2,JP22,R2,R4
1599,B,0,HIN2,GMR7,GSS,DCLN2,JP22,R2,R4
93,G,0,HIN2,GMR7,GSS,DCLN2,JP22,R2,R4
1660,B,0,HIN2,GMR7,GSS,DCLN2,JP22,R2,R13
99,G,0,HIN2,GMR7,GSS,DCLN2,JP22,R2,R13
1705,B,0,HIN2,GMR7,GSS,DCLN2,JP22,R2,R13
84,G,0,HIN2,GMR7,GSS,DCLN2,JP22,R2,R13
1436,B,0,HIN2,GMR7,GSS,DCLN2,JP22,R2,R13
317,G,0,HIN1,GMR3,JSG1,DCLN1,HP16,R1,R12
500,G,0,HIN1,GMR3,JSG1,DCLN1,HP16,R1,R7
3785,B,0,HIN1,GMR3,JSG1,DCLN1,HP16,R1,R10
4073,B,0,HIN1,GMR3,JSG1,DCLN1,HP16,R1,R12
637,G,0,HIN1,GMR3,JSG1,DCLN1,HP16,R1,R7
5082,B,0,HIN1,GMR3,JSG1,DCLN1,HP16,R1,R8
921,B,0,HIN1,GMR3,JSG1,DCLN1,HP16,R1,R9
2705,B,0,HIN1,GMR3,JSG1,DCLN1,HP16,R1,R9
307,G,0,HIN1,GMR3,JSG1,DCLN1,HP16,R1,R9
4574,B,0,HIN1,GMR3,JSG1,DCLN1,HP16,R1,R9
3762,B,0,HIN1,GMR3,JSG1,DCLN1,HP16,R1,R9
455,G,0,HIN1,GMR3,JSG1,DCLN1,HP16,R1,R9
2747,B,0,HIN1,GMR3,JSG1,DCLN1,HP16,R1,R9
526,G,0,HIN1,GMR3,JSG1,DCLN1,HP16,R1,R9
5157,B,0,HIN1,GMR3,JSG1,DCLN1,HP16,R1,R11
476,G,0,HIN1,GMR3,JSG1,DCLN1,HP16,R1,R9
3615,B,0,HIN1,GMR3,JSG1,DCLN1,HP16,R1,R9
390,G,0,HIN1,GMR3,JSG1,DCLN1,HP16,R1,R9
2979,B,0,HIN1,GMR3,JSG1,DCLN1,HP16,R1,R9
385,G,0,HIN1,GMR3,JSG1,DCLN1,HP16,R1,R9
367,G,0,HIN1,GMR3,JSG1,DCLN1,HP16,R1,R9
2969,B,0,HIN1,GMR3,JSG1,DCLN1,HP16,R1,R9
336,G,0,HIN1,GMR3,JSG1,DCLN1,HP16,R1,R9
2272,B,0,HIN1,GMR3,JSG1,DCLN1,HP16,R1,R11
271,G,0,HIN1,GMR3,JSG1,DCLN1,HP16,R1,R9
810,G,0,HIN4,GMR3,GSP,DCLN2,KP04,R2,R13
851,G,0,HIN4,GMR3,GSP,DCLN2,KP04,R2,R13
811,G,0,HIN4,GMR3,GSP,DCLN2,KP04,R2,R13
913,B,0,HIN4,GMR3,GSP,DCLN2,KP04,R2,R13
1047,B,0,HIN4,GMR3,GSP,DCLN2,KP04,R2,R13
797,G,0,HIN4,GMR3,GSP,DCLN2,KP04,R2,R13
1048,B,0,HIN4,GMR3,GSP,DCLN2,KP04,R2,R13
1019,B,0,HIN4,GMR3,GSP,DCLN2,KP04,R2,R13
918,B,0,HIN4,GMR3,GSP,DCLN2,KP04,R2,R13
810,G,0,HIN4,GMR3,GSP,DCLN2,KP04,R2,R13
773,G,0,HIN4,GMR3,GSP,DCLN2,KP04,R2,R13
70,G,1,HIN2,GMR7,GSS,DCLN2,KP17,R2,R6
120,G,1,HIN2,GMR7,GSS,DCLN2,KP17,R2,R6
61,G,1,HIN2,GMR7,GSS,DCLN2,KP17,R2,R6
94,G,1,HIN2,GMR7,GSS,DCLN2,KP17,R2,R6
102,G,1,HIN2,GMR7,GSS,DCLN2,KP17,R2,R6
67,G,1,HIN2,GMR7,GSS,DCLN2,KP17,R2,R6
101,G,1,HIN2,GMR7,GSS,DCLN2,KP17,R2,R6
87,G,1,HIN2,GMR7,GSS,DCLN2,KP17,R2,R6
68,G,1,HIN2,GMR7,GSS,DCLN2,KP17,R2,R6
85,G,1,HIN2,GMR7,GSS,DCLN2,KP17,R2,R6
79,G,1,HIN2,GMR7,GSS,DCLN2,KP17,R2,R6
137,G,1,HIN2,GMR7,GSS,DCLN2,KP17,R2,R6
70,G,1,HIN2,GMR7,GSS,DCLN2,KP17,R2,R6
91,G,1,HIN2,GMR7,GSS,DCLN2,KP17,R2,R6
71,G,1,HIN2,GMR7,GSS,DCLN2,KP17,R2,R6
93,G,1,HIN2,GMR7,GSS,DCLN2,KP17,R2,R6
122,G,1,HIN2,GMR7,GSS,DCLN2,KP17,R2,R6
154,G,1,HIN2,GMR7,GSS,DCLN2,KP17,R2,R6
83,G,1,HIN2,GMR7,GSS,DCLN2,KP17,R2,R6
88,G,1,HIN2,GMR7,GSS,DCLN2,KP17,R2,R6
4095,B,1,HIN2,GMR7,GSS,DCLN2,KP17,R2,R6
77,G,1,HIN2,GMR7,GSS,DCLN2,KP17,R2,R6
382,G,0,HIN1,GMR3,GSP,DCLN2,KP04,R2,R13
17887,B,0,HIN1,GMR3,GSP,DCLN2,KP04,R2,R13
327,G,0,HIN1,GMR3,GSP,DCLN2,KP04,R2,R13
17744,B,0,HIN1,GMR3,GSP,DCLN2,KP04,R2,R13
311,G,0,HIN1,GMR3,GSP,DCLN2,KP04,R2,R13
18397,B,0,HIN1,GMR3,GSP,DCLN2,KP04,R2,R13
312,G,0,HIN1,GMR3,GSP,DCLN2,KP04,R2,R13
18050,B,0,HIN1,GMR3,GSP,DCLN2,KP04,R2,R13
18557,B,0,HIN1,GMR3,GSP,DCLN2,KP04,R2,R13
319,G,0,HIN1,GMR3,GSP,DCLN2,KP04,R2,R13
17465,B,0,HIN1,GMR3,GSP,DCLN2,KP04,R2,R13
309,G,0,HIN1,GMR3,GSP,DCLN2,KP04,R2,R13
1145,B,0,HIN1,GMR3,GSP,DCLN2,KP04,R2,R13
18635,B,0,HIN1,GMR3,GSP,DCLN2,KP04,R2,R13
2387,B,0,HIN1,GMR3,GSP,DCLN2,KP04,R2,R13
356,G,0,HIN1,GMR3,GSP,DCLN2,KP04,R2,R13
45,G,1,HIN2,GMR7,GSP,DCLN2,KP10,R2,R6
49,G,1,HIN2,GMR7,GSP,DCLN2,KP10,R2,R6
62,G,1,HIN2,GMR7,GSP,DCLN2,KP10,R2,R6
50,G,1,HIN2,GMR7,GSP,DCLN2,KP10,R2,R6
247,G,1,HIN2,GMR7,GSP,DCLN2,KP10,R2,R6
71,G,1,HIN2,GMR7,GSP,DCLN2,KP10,R2,R6
49,G,1,HIN2,GMR7,GSP,DCLN2,KP10,R2,R6
39,G,1,HIN2,GMR7,GSP,DCLN2,KP10,R2,R6
64,G,1,HIN2,GMR7,GSP,DCLN2,KP10,R2,R6
49,G,1,HIN2,GMR7,GSP,DCLN2,KP10,R2,R6
58,G,1,HIN2,GMR7,GSP,DCLN2,KP10,R2,R6
59,G,1,HIN2,GMR7,GSP,DCLN2,KP10,R2,R6
45,G,1,HIN2,GMR7,GSP,DCLN2,KP10,R2,R6
44,G,1,HIN2,GMR7,GSP,DCLN2,KP10,R2,R6
49,G,1,HIN2,GMR7,GSP,DCLN2,KP10,R2,R6
85,G,1,HIN2,GMR7,GSP,DCLN2,KP10,R2,R6
57,G,1,HIN2,GMR7,GSP,DCLN2,KP10,R2,R6
237,G,1,HIN2,GMR7,GSP,DCLN2,KP10,R2,R6
41,G,1,HIN2,GMR7,GSP,DCLN2,KP10,R2,R6
39,G,1,HIN2,GMR7,GSP,DCLN2,KP10,R2,R6
98,G,0,HIN4,GMR7,JSG1,DCLN1,KP27,R2,R13
14227,B,0,HIN4,GMR7,JSG1,DCLN1,KP27,R2,R13
178,G,0,HIN4,GMR7,JSG1,DCLN1,KP27,R2,R13
122,G,0,HIN4,GMR7,JSG1,DCLN1,KP27,R2,R13
110,G,0,HIN4,GMR7,JSG1,DCLN1,KP27,R2,R13
143,G,0,HIN4,GMR7,JSG1,DCLN1,KP27,R2,R13
147,G,0,HIN4,GMR7,JSG1,DCLN1,KP27,R2,R13
5224,B,0,HIN4,GMR7,JSG1,DCLN1,KP27,R2,R13
2621,B,0,HIN4,GMR7,JSG1,DCLN1,KP27,R2,R13
1351,B,0,HIN4,GMR7,JSG1,DCLN1,KP27,R2,R13
3891,B,0,HIN4,GMR7,JSG1,DCLN1,KP27,R2,R13
3808,B,0,HIN4,GMR7,JSG1,DCLN1,KP27,R2,R13
3882,B,0,HIN4,GMR7,JSG1,DCLN1,KP27,R2,R13
319,G,0,HIN4,GMR7,JSG1,DCLN1,KP27,R2,R13
1130,B,0,HIN4,GMR7,JSG1,DCLN1,KP27,R2,R13
7383,B,0,HIN4,GMR7,JSG1,DCLN1,KP27,R2,R13
1444,B,0,HIN4,GMR7,JSG1,DCLN1,KP27,R2,R13
2029,B,0,HIN4,GMR7,JSG1,DCLN1,KP27,R2,R13
57472,B,0,HIN4,GMR7,JSG1,DCLN1,KP27,R2,R13
